id,schid,getalng,spirit,strict,fair,racefrnd,disrupt,tchgood,tchint,tchprais,putdown,studown,listen,feelsafe,impede,misbehav,private
175551,1755,2,2,3,2,2,2,2,2,2,3,3,2,3,2,2,0
266647,2666,2,2,2,3,4,2,2,3,3,3,3,4,3,3,3,0
642005,6420,2,2,2,2,1,2,2,3,3,3,4,2,4,3,3,0
651885,6518,2,2,1,1,2,1,1,2,2,4,4,2,4,3,2,0
673841,6738,2,1,2,2,2,1,2,1,1,4,4,1,4,3,3,0
700035,7000,2,2,3,2,1,2,2,4,2,4,3,2,3,2,3,0
701189,7011,2,2,3,2,1,2,3,2,2,3,4,2,3,3,2,0
704291,7042,4,4,1,4,2,2,3,2,4,1,1,4,4,4,4,0
708943,7089,2,2,2,2,2,2,2,2,2,4,3,2,3,2,3,0
708953,7089,2,3,2,3,2,2,3,2,3,3,2,2,4,3,3,0
710616,7106,2,1,2,3,2,2,1,3,2,3,2,3,4,2,2,0
710885,7108,2,2,3,2,2,3,2,2,3,3,3,2,3,3,3,0
710925,7109,2,2,1,3,2,1,1,2,3,3,3,2,1,3,2,0
710926,7109,2,1,3,2,2,3,2,2,2,3,3,2,4,3,3,0
710964,7109,2,2,2,2,2,2,2,2,3,3,3,3,4,2,2,0
710969,7109,2,2,3,2,2,3,1,1,1,4,4,2,4,2,2,0
714039,7140,2,2,2,2,3,2,2,2,2,3,3,2,3,3,2,0
715802,7158,3,2,1,3,2,1,4,3,2,2,3,3,4,2,1,0
715825,7158,3,1,1,3,2,3,3,3,3,2,2,2,4,3,4,0
718205,7182,2,2,2,2,2,1,2,3,4,3,4,4,3,2,1,0
719468,7194,2,2,3,3,3,2,2,1,2,4,2,2,4,3,2,0
721972,7219,2,2,1,3,2,2,3,3,2,3,4,2,4,4,3,0
733007,7330,2,2,2,2,2,2,2,2,1,4,3,2,3,3,2,0
733020,7330,8,8,8,8,8,8,8,8,8,8,8,8,8,8,8,0
734003,7340,3,2,3,2,1,1,2,2,3,4,4,2,4,3,2,0
735645,7356,2,3,2,2,2,2,2,2,2,3,2,2,3,3,3,0
735738,7357,3,2,2,2,2,2,3,3,3,3,4,3,3,4,3,0
736937,7369,3,2,3,3,2,3,2,3,3,3,3,3,3,3,1,0
737315,7373,3,2,1,3,2,3,2,2,3,3,3,2,4,3,3,0
737330,7373,2,2,2,2,2,1,2,2,3,3,3,2,3,3,2,0
737369,7373,2,3,2,3,2,2,2,2,2,3,3,2,3,3,3,0
739080,7390,2,2,2,2,2,3,2,2,2,4,4,2,4,4,3,0
740398,7403,2,3,3,2,2,2,2,2,3,3,3,8,3,1,3,0
741520,7415,2,2,2,2,2,2,2,3,2,3,3,3,3,2,2,0
741525,7415,2,3,2,2,2,2,1,1,1,3,4,2,4,2,3,0
742243,7422,2,3,3,2,2,3,2,2,2,3,4,2,3,2,3,0
743186,7431,2,2,2,2,1,1,2,2,2,3,3,2,4,3,2,0
743471,7434,2,3,3,3,1,3,2,2,3,4,4,3,4,4,2,0
743526,7435,2,3,3,2,2,2,3,3,4,2,3,3,3,2,3,0
743936,7439,3,2,2,3,2,2,2,2,2,3,2,3,3,2,1,0
744038,7440,2,3,1,4,2,2,3,3,3,3,3,4,4,2,1,0
744056,7440,4,3,2,2,2,2,3,3,3,2,2,3,3,3,4,0
745453,7454,2,1,2,1,3,2,2,1,2,3,4,2,4,2,1,0
747568,7475,3,3,3,2,3,2,2,3,4,3,3,4,4,3,2,0
748103,7481,2,3,3,2,1,2,2,2,2,3,2,2,3,3,1,0
751497,7514,3,2,3,3,2,1,2,3,2,2,1,4,1,1,3,0
754793,7547,3,2,2,2,4,2,1,2,2,4,8,2,8,2,3,0
755772,7557,3,2,2,2,1,1,3,2,3,3,4,3,3,3,2,0
755775,7557,2,1,2,8,1,2,3,3,1,2,1,3,2,1,1,0
758457,7584,3,3,2,3,2,1,3,2,3,2,3,4,3,3,3,0
758648,7586,2,2,2,2,2,1,2,2,3,3,3,3,2,3,2,0
759387,7593,2,1,2,3,1,2,2,2,3,3,3,3,4,2,2,0
761639,7616,2,1,1,2,3,2,2,3,2,3,2,3,3,2,3,0
761697,7616,2,2,2,2,2,2,2,2,2,2,3,3,3,3,2,0
762258,7622,3,2,2,3,2,2,2,2,3,3,3,2,3,3,2,0
763087,7630,2,2,3,2,2,2,2,2,2,3,3,2,3,2,3,0
763193,7631,2,3,3,2,2,2,2,2,3,3,3,3,3,3,2,0
766811,7668,2,2,2,1,3,2,2,2,6,8,2,2,4,2,3,0
766820,7668,3,3,3,3,1,2,2,2,3,4,3,2,4,3,4,0
766889,7668,3,2,2,3,3,1,2,2,3,4,4,3,3,3,2,0
766973,7669,2,2,2,2,2,2,2,3,3,4,3,2,4,4,3,0
767103,7671,2,2,3,2,1,2,2,2,2,3,2,3,4,3,2,0
771895,7718,2,4,1,4,2,1,3,3,3,2,4,3,3,1,1,0
772607,7726,2,1,3,2,2,2,2,2,2,3,4,3,4,3,2,0
772610,7726,2,1,1,1,1,1,2,1,1,4,4,2,4,2,3,0
774066,7740,2,2,2,3,2,2,2,2,2,4,4,2,4,4,3,0
774099,7740,2,1,2,2,1,2,2,1,2,3,3,1,4,2,4,0
777221,7772,2,3,1,4,4,2,2,2,3,3,1,4,1,2,1,0
780352,7803,2,1,3,4,4,3,2,2,3,4,4,2,2,3,3,0
782227,7822,3,2,3,2,2,2,2,2,4,2,1,3,4,2,2,0
782287,7822,2,2,3,2,2,2,2,2,3,3,3,2,3,2,3,0
786245,7862,2,2,2,2,2,3,2,2,3,3,3,2,4,3,3,0
786266,7862,2,1,3,3,4,2,2,2,2,3,3,2,3,4,2,0
786410,7864,2,3,2,3,1,2,2,2,3,3,3,2,4,3,2,0
786412,7864,2,2,1,4,2,1,2,3,3,2,1,3,3,1,3,0
786413,7864,2,3,2,3,2,3,2,2,2,3,3,2,4,3,3,0
786450,7864,3,2,1,2,1,1,3,2,3,2,3,2,3,3,2,0
790221,7902,3,2,1,3,2,2,2,2,3,3,3,2,3,3,4,0
790282,7902,2,2,2,2,2,3,2,3,3,4,3,3,3,2,3,0
791627,7916,2,2,3,2,2,3,1,2,2,3,3,2,4,2,3,0
792324,7923,2,2,3,2,2,4,2,2,2,3,3,2,4,2,4,0
792352,7923,2,2,3,2,2,2,2,2,3,3,2,3,3,3,2,0
792381,7923,2,4,3,2,1,1,1,1,2,3,3,2,3,3,4,0
793021,7930,2,2,2,2,2,2,2,3,3,2,3,3,3,3,2,0
793394,7933,2,2,1,3,1,1,3,3,3,3,3,2,4,3,2,0
794112,7941,2,3,2,2,2,1,2,2,3,2,2,2,3,2,1,0
798477,7984,2,3,2,2,2,2,3,2,3,3,2,2,3,2,2,0
798490,7984,2,2,1,2,2,2,2,2,3,3,1,2,3,3,2,0
798930,7989,2,2,3,2,2,1,2,2,3,3,4,3,4,2,4,0
889848,8898,2,1,2,2,1,2,2,2,2,3,3,3,3,3,3,0
892432,8924,3,3,1,3,3,3,2,2,2,3,2,1,8,2,3,0
894521,8945,2,2,2,2,2,2,2,2,2,3,2,2,3,2,3,0
1401887,14018,3,2,2,2,2,1,2,2,1,3,3,2,3,1,3,0
1430849,14308,2,3,2,2,1,2,1,2,2,4,4,2,4,3,2,0
1437903,14379,2,3,3,2,2,2,2,2,2,3,3,2,4,2,3,0
1460568,14605,2,2,2,2,2,3,2,2,2,3,3,2,3,3,3,0
1460590,14605,3,2,4,3,4,2,3,4,3,3,3,3,4,3,2,0
1460591,14605,2,2,2,2,2,2,2,3,3,2,2,3,3,3,2,0
1481390,14813,3,2,3,2,2,2,2,3,2,3,2,3,2,2,2,0
1489482,14894,2,2,2,2,2,2,2,2,4,3,3,2,3,3,3,0
1489483,14894,2,2,3,2,2,2,2,2,2,3,3,2,3,3,3,0
1495442,14954,2,2,2,1,1,3,2,2,1,3,3,2,4,2,3,0
2406237,24062,2,2,2,2,3,2,2,2,8,3,3,2,3,3,3,0
2413829,24138,3,2,2,2,3,2,1,4,3,3,2,3,4,3,2,0
2413832,24138,3,2,3,2,2,1,2,3,3,3,3,3,3,3,2,0
2413865,24138,2,2,2,1,1,2,2,2,2,4,1,2,4,2,2,0
2413974,24139,3,2,2,2,2,2,2,3,3,3,3,3,3,3,2,0
2418205,24182,2,3,2,3,3,2,3,2,2,3,2,2,3,3,2,0
2421617,24216,2,2,3,2,2,1,2,2,3,3,2,2,2,2,2,0
2422560,24225,3,1,1,2,2,2,1,1,2,4,4,1,4,3,4,0
2423237,24232,2,4,3,2,2,3,2,2,2,3,3,3,3,3,3,0
2426947,24269,3,3,1,4,4,2,2,2,3,3,3,3,2,2,2,0
2431584,24315,2,2,2,2,3,2,1,1,1,4,4,2,4,3,2,0
2437608,24376,3,2,1,4,2,2,2,4,3,1,3,3,3,2,1,0
2437699,24376,3,3,2,2,2,1,2,2,1,4,3,1,1,1,3,0
2439034,24390,2,2,1,2,2,2,2,2,2,3,3,3,4,3,1,0
2439060,24390,2,2,1,3,2,3,2,1,1,4,3,2,4,4,3,0
2439087,24390,3,1,2,2,1,2,1,1,2,3,3,2,3,2,4,0
2439432,24394,3,2,3,3,2,1,2,2,3,3,3,3,4,2,3,0
2440852,24408,3,3,2,3,2,3,3,3,2,3,3,2,3,2,2,0
2447467,24474,2,1,1,2,2,2,2,3,3,2,3,3,4,3,3,0
2447499,24474,2,2,2,2,2,3,2,2,2,3,2,2,4,4,3,0
2454325,24543,2,3,2,3,3,2,3,2,3,2,3,2,3,3,2,0
2457175,24571,2,3,2,3,2,1,2,2,2,3,3,2,3,1,3,0
2457758,24577,2,2,2,2,2,2,2,2,2,3,3,2,3,3,3,0
2458967,24589,2,1,2,2,2,3,2,2,3,3,2,2,4,3,3,0
2458992,24589,2,2,3,2,2,2,2,2,2,3,3,2,3,3,3,0
2460055,24600,3,1,2,4,2,3,2,2,3,3,4,2,4,2,4,0
2477253,24772,2,2,3,2,2,3,2,2,2,3,3,2,3,3,3,0
2477254,24772,2,1,2,2,2,1,2,2,3,4,3,2,4,4,2,0
2480507,24805,2,1,1,3,2,2,1,1,2,3,3,2,3,1,1,0
2499122,24991,2,3,1,2,2,1,2,2,4,2,3,3,3,3,2,0
2499884,24998,2,2,1,3,1,3,3,2,3,2,3,2,4,3,3,0
2501639,25016,3,1,2,2,2,2,2,2,3,2,2,2,3,1,2,0
2501651,25016,3,3,2,2,2,2,2,2,2,3,3,2,3,2,2,0
2505148,25051,2,2,3,3,2,2,2,3,2,3,3,3,3,2,3,0
2506750,25067,2,2,2,3,1,3,1,4,2,4,4,1,4,3,3,0
2506795,25067,3,4,2,2,3,3,3,2,3,2,2,3,4,3,2,0
2509573,25095,4,6,8,3,2,2,3,3,2,2,2,2,3,2,2,0
2510570,25105,2,1,2,2,2,3,1,2,2,4,3,2,4,3,3,0
2510741,25107,2,1,3,2,3,3,1,1,2,4,4,1,4,3,4,0
2512246,25122,2,3,2,2,1,3,2,2,1,3,3,2,4,1,2,0
2512253,25122,2,2,1,2,2,3,2,1,2,4,3,2,4,1,4,0
2513081,25130,3,2,1,1,2,2,2,2,2,4,3,1,3,2,3,0
2513396,25133,2,2,1,1,1,3,1,1,2,4,4,2,4,3,4,0
2516381,25163,3,2,3,2,2,1,2,3,2,3,3,2,3,1,2,0
2517320,25173,2,2,2,2,1,3,1,1,3,4,3,2,1,3,3,0
2517374,25173,3,6,1,2,8,2,8,3,8,4,8,2,4,8,2,0
2517868,25178,2,2,2,2,1,1,2,2,2,4,3,2,4,3,3,0
2522499,25224,2,1,2,2,1,2,1,2,2,4,4,2,4,4,3,0
2525676,25256,2,2,2,2,3,2,2,2,3,3,3,2,3,3,3,0
2526103,25261,2,2,3,2,1,2,2,2,2,3,4,2,4,3,3,0
2528007,25280,8,8,8,8,8,8,8,8,8,8,8,8,8,8,8,0
2528056,25280,4,2,1,4,1,1,4,4,4,1,4,4,4,4,4,0
2531375,25313,2,2,3,3,2,2,2,2,2,4,4,2,4,4,2,0
2536010,25360,3,3,1,3,1,2,3,3,3,3,3,3,3,4,3,0
2536041,25360,1,2,3,3,2,2,2,3,3,3,3,2,3,2,2,0
2536042,25360,2,2,3,2,2,2,3,2,2,3,3,3,3,2,2,0
2536093,25360,2,3,1,3,2,2,3,3,3,2,3,2,2,3,2,0
2536160,25361,2,2,2,2,3,3,1,2,2,4,2,2,4,3,2,0
2536669,25366,2,2,2,2,2,2,2,2,2,3,2,2,3,2,2,0
2540213,25402,2,3,2,2,1,2,2,3,2,4,4,2,1,8,2,0
2540251,25402,3,2,2,1,2,1,1,1,2,4,2,1,4,1,4,0
2540487,25404,2,3,3,3,1,2,2,2,1,4,3,2,4,3,2,0
2544147,25441,2,1,3,2,3,2,2,2,3,3,3,2,4,3,3,0
2545445,25454,2,3,1,3,3,3,2,2,2,3,3,2,3,3,3,0
2550629,25506,2,1,3,2,1,2,1,1,2,4,4,2,4,3,2,0
2550668,25506,2,2,3,2,2,2,2,2,3,3,3,2,2,3,2,0
2552083,25520,2,2,3,2,1,1,2,2,2,3,3,2,4,3,3,0
2553042,25530,2,2,3,2,1,2,2,2,2,3,2,2,3,3,3,0
2553611,25536,2,6,3,2,2,3,2,2,2,3,3,2,2,3,3,0
2553639,25536,2,2,3,2,2,2,2,3,3,2,2,3,3,1,2,0
2553650,25536,2,3,2,3,2,2,2,2,2,4,4,1,3,2,2,0
2553679,25536,3,3,3,3,2,3,3,2,2,4,3,2,4,3,2,0
2561822,25618,2,3,2,3,2,2,2,2,3,2,3,3,3,2,2,0
2564284,25642,3,2,2,2,2,1,2,2,1,4,4,8,3,1,1,0
2564439,25644,2,2,3,2,2,2,3,2,2,3,3,3,3,2,2,0
2564472,25644,3,1,1,3,4,2,2,1,1,4,4,3,4,1,4,0
2564517,25645,2,3,2,3,2,2,2,3,3,3,3,3,4,3,3,0
2564551,25645,2,3,2,1,2,2,1,2,3,4,1,3,4,4,3,0
2564585,25645,2,4,1,6,2,1,2,2,1,4,3,1,4,4,2,0
2566676,25666,2,3,3,2,2,2,2,2,2,3,3,3,2,2,2,0
2566708,25667,2,2,3,1,1,3,1,2,2,4,4,2,4,2,3,0
2566711,25667,3,2,2,1,2,2,2,2,3,4,4,2,3,2,1,0
2574515,25745,2,3,3,2,4,2,2,2,2,4,4,2,3,1,2,0
2574564,25745,2,2,2,2,3,2,2,2,2,3,3,2,3,1,3,0
2576506,25765,2,2,1,3,2,2,2,2,2,3,3,2,3,3,2,0
2576529,25765,2,1,2,3,2,2,2,2,2,3,3,2,3,2,3,0
2577982,25779,2,3,3,2,3,1,2,2,3,3,4,3,3,2,2,0
2580418,25804,2,1,2,2,1,3,2,2,2,3,3,2,4,3,3,0
2581435,25814,3,1,2,1,2,3,3,2,3,4,4,2,4,4,3,0
2582596,25825,2,2,2,2,2,3,2,2,2,3,3,2,3,2,3,0
2583469,25834,2,1,2,2,2,1,2,2,2,3,3,2,3,2,1,0
2583573,25835,3,2,2,3,2,1,2,3,2,2,3,3,3,2,1,0
2583611,25836,2,2,1,3,1,3,2,2,2,4,8,1,4,3,3,0
2589465,25894,2,2,2,2,2,2,2,2,2,3,3,2,3,3,3,0
2589499,25894,1,2,1,2,1,1,1,2,3,4,1,1,4,3,3,0
2591996,25919,2,3,1,3,3,2,1,2,4,3,4,3,3,2,2,0
2593458,25934,2,1,2,3,2,3,2,2,2,3,4,2,4,4,3,0
2598333,25983,2,2,1,3,2,3,2,2,2,4,3,2,3,2,2,0
2599037,25990,3,4,3,2,2,4,4,4,3,2,3,4,3,3,2,0
2599589,25995,2,2,3,2,2,3,2,2,2,3,3,3,4,3,3,0
2935785,29357,2,3,2,2,3,2,2,2,1,3,2,2,3,2,1,0
2954515,29545,2,1,2,2,1,4,2,2,2,2,3,3,4,4,2,0
4503617,45036,2,2,2,2,2,2,2,2,1,3,3,2,4,3,3,0
4506408,45064,2,2,3,3,2,3,2,3,2,3,3,4,4,1,1,0
4506461,45064,2,2,3,2,1,1,2,2,2,4,4,2,3,2,2,0
4506479,45064,1,2,3,2,2,2,2,2,2,4,3,2,4,3,3,0
4511079,45110,2,2,2,2,2,1,2,2,2,3,3,2,3,3,1,0
4512759,45127,2,2,3,2,1,2,2,2,2,3,3,2,3,2,3,0
4513272,45132,2,2,3,2,8,1,2,2,3,4,4,2,4,4,2,0
4513445,45134,2,1,2,2,1,2,3,3,3,3,3,2,4,3,2,0
4516948,45169,2,3,2,2,2,2,3,2,2,3,3,2,3,3,3,0
4516960,45169,3,2,2,3,1,2,3,2,3,3,2,2,3,2,2,0
4518397,45183,2,3,2,2,2,2,2,2,3,3,3,2,4,2,3,0
4519064,45190,3,3,3,2,2,2,2,2,3,2,3,3,3,3,2,0
4522336,45223,2,3,2,2,2,3,4,2,3,3,3,3,2,3,3,0
4522459,45224,2,3,2,2,2,2,2,3,3,3,3,3,3,3,3,0
4522758,45227,2,3,3,2,2,2,1,2,2,3,3,2,3,3,2,0
4525597,45255,3,2,3,2,1,1,2,2,3,4,4,1,4,1,2,0
4526897,45268,3,2,2,2,1,2,3,3,3,2,3,3,3,3,4,0
4527199,45271,2,2,3,2,1,3,2,2,2,3,4,2,4,3,3,0
4528742,45287,3,2,2,2,3,2,1,1,1,3,3,2,3,2,3,0
4531057,45310,2,2,3,2,4,2,2,2,3,3,2,2,3,3,3,0
4533004,45330,2,3,3,2,2,3,2,2,2,3,4,2,4,3,2,0
4533821,45338,2,2,3,3,2,2,2,2,4,3,4,2,3,3,3,0
4533885,45338,2,1,3,3,2,2,4,3,3,2,3,3,3,2,1,0
4536246,45362,1,2,2,2,1,3,2,2,2,4,4,2,4,4,3,0
4542331,45423,3,3,3,3,2,3,3,3,3,2,3,3,3,3,3,0
4542391,45423,3,2,3,1,1,3,2,2,3,4,4,2,3,3,2,0
4544103,45441,8,8,8,8,8,8,8,8,8,8,8,8,8,8,8,0
4544203,45442,2,2,2,2,3,3,2,2,3,3,3,2,3,4,3,0
4544627,45446,2,2,2,2,2,2,2,2,2,4,3,1,3,2,3,0
4544643,45446,2,3,3,2,2,2,2,3,3,3,2,2,3,2,2,0
4547664,45476,2,3,1,4,1,2,2,2,4,2,1,1,3,2,2,0
4550661,45506,2,2,1,2,2,2,2,2,2,4,4,3,3,3,2,0
4552127,45521,2,2,2,3,2,1,2,2,3,3,3,2,4,2,1,0
4552185,45521,2,3,3,2,2,2,1,2,3,3,2,2,4,3,2,0
4552195,45521,2,2,3,2,1,2,2,2,2,4,3,2,4,4,3,0
4555980,45559,2,4,3,1,1,2,2,2,2,3,3,2,4,3,2,0
4557606,45576,1,3,1,3,1,2,4,4,3,4,4,2,3,2,1,0
4567894,45678,2,2,3,1,2,1,1,2,1,4,4,2,4,4,2,0
4568679,45686,1,3,2,2,2,2,2,1,2,4,3,2,4,2,3,0
4568911,45689,2,2,2,3,3,2,2,3,2,3,3,2,4,3,3,0
4571948,45719,3,1,2,3,1,2,3,3,3,4,4,3,3,4,3,0
4571971,45719,3,1,1,1,1,2,1,2,2,3,4,2,4,4,2,0
4574633,45746,2,2,2,3,2,2,3,2,3,3,3,3,3,3,3,0
4574669,45746,2,2,2,3,2,2,3,3,4,2,3,4,2,1,1,0
4574713,45747,4,3,2,3,1,2,4,4,4,3,2,3,3,2,1,0
4574737,45747,3,2,2,2,1,1,2,2,1,3,2,3,4,1,4,0
4578849,45788,8,8,8,8,8,8,8,8,8,8,8,8,8,8,8,0
4582082,45820,3,3,2,2,3,4,3,3,3,2,2,3,3,3,4,0
4583086,45830,3,2,3,2,3,1,2,2,2,3,1,3,3,1,1,0
4583110,45831,8,8,8,8,8,8,8,8,8,8,8,8,8,8,8,0
4583181,45831,2,2,3,2,2,2,2,2,2,3,3,2,3,2,2,0
4586173,45861,1,1,2,3,3,1,1,1,2,4,1,1,4,2,2,0
4586717,45867,2,2,3,3,2,2,3,3,3,2,3,3,3,3,2,0
4586766,45867,3,4,3,1,1,2,3,3,2,3,3,2,4,3,2,0
4587010,45870,3,2,3,2,1,1,2,2,3,3,3,2,4,1,3,0
4590040,45900,4,2,2,4,3,2,3,3,3,2,4,3,4,2,2,0
4591810,45918,2,3,2,2,2,2,1,2,2,3,3,2,3,3,2,0
4593666,45936,2,2,2,2,1,2,3,2,3,3,2,2,4,3,2,0
4593668,45936,2,2,1,2,1,2,2,1,1,2,2,2,3,3,2,0
4597893,45978,3,2,1,2,2,1,1,2,2,3,2,2,3,1,4,0
4599105,45991,2,2,3,2,2,2,3,3,3,3,2,2,3,2,2,0
4599470,45994,2,3,2,3,1,2,4,4,4,2,4,3,4,4,2,0
4599496,45994,1,1,2,2,1,3,1,2,1,4,4,1,4,4,3,0
4665583,46655,8,8,8,8,8,8,8,8,8,8,8,8,8,8,8,0
4674886,46748,2,1,2,3,2,3,1,2,1,4,3,1,4,2,3,0
4689158,46891,2,2,2,2,1,3,2,2,3,3,4,2,4,1,3,0
4692213,46922,1,1,2,3,1,2,2,1,2,8,3,2,4,3,2,0
5400267,54002,3,2,2,2,2,2,3,3,3,3,2,2,4,2,3,0
6237789,62377,3,2,2,2,2,2,2,3,2,4,4,2,4,3,2,0
6803811,68038,2,2,2,2,1,2,2,2,2,3,2,2,3,2,2,0
6803815,68038,3,2,3,3,1,2,2,2,3,3,2,3,3,3,3,0
6804841,68048,8,8,8,8,8,8,8,8,8,8,8,8,8,8,8,0
6806871,68068,2,2,3,2,2,2,1,2,2,3,3,2,3,2,3,0
6806879,68068,3,2,2,3,2,1,2,2,3,2,3,2,2,2,4,0
6813701,68137,2,4,2,2,2,3,3,2,4,1,4,3,3,2,3,0
6818016,68180,4,1,3,1,4,4,3,2,2,3,2,3,3,2,1,0
6818527,68185,2,3,1,3,2,2,2,3,3,3,3,3,3,1,1,0
6825443,68254,3,4,2,3,2,1,2,1,3,3,3,2,2,2,1,0
6826236,68262,2,2,2,2,1,2,2,2,3,3,3,2,3,3,2,0
6828179,68281,3,2,2,2,1,2,2,2,2,4,4,8,4,2,2,0
6833343,68333,2,3,2,2,2,2,2,2,2,3,3,2,4,3,2,0
6835232,68352,2,3,2,3,1,2,2,2,3,4,3,2,4,2,1,0
6835280,68352,2,2,3,2,1,2,2,2,2,3,3,2,3,2,2,0
6837227,68372,2,1,2,2,2,2,2,2,2,3,3,1,3,2,3,0
6837278,68372,2,2,2,2,1,2,2,2,2,4,4,2,4,4,3,0
6837439,68374,2,2,2,2,2,2,2,2,2,3,3,2,3,3,2,0
6838107,68381,2,2,2,2,1,1,3,3,3,3,3,2,3,3,2,0
6838132,68381,2,3,3,2,1,1,2,2,1,4,4,2,4,1,2,0
6840105,68401,2,1,2,2,2,2,2,2,2,3,3,2,3,3,3,0
6840117,68401,2,2,2,1,1,2,2,2,2,4,4,2,4,4,4,0
6840164,68401,2,2,4,2,1,2,2,2,2,3,3,2,4,2,1,0
6840189,68401,3,3,2,2,2,1,2,2,2,2,1,3,2,2,1,0
6842265,68422,2,2,2,2,3,2,2,2,3,3,3,2,3,3,2,0
6842271,68422,2,3,3,2,1,1,2,2,2,3,2,1,3,1,2,0
6844175,68441,4,3,3,3,2,2,4,4,4,1,3,4,1,1,1,0
6844512,68445,3,2,1,2,3,1,2,2,2,4,4,2,2,3,3,0
6844559,68445,2,4,3,2,2,3,3,3,2,3,3,2,4,3,3,0
6844569,68445,2,3,2,3,3,3,2,2,2,4,4,2,4,3,2,0
6844836,68448,3,3,2,2,2,2,3,3,3,2,3,3,3,2,2,0
6844994,68449,2,1,2,2,3,2,2,2,3,4,3,2,4,2,4,0
6845318,68453,2,2,2,2,2,2,2,2,3,3,3,3,3,3,2,0
6848160,68481,2,2,3,2,1,1,2,2,2,4,3,2,3,2,2,0
6849314,68493,2,2,1,3,2,2,3,3,2,4,2,2,4,3,4,0
6849439,68494,3,4,3,2,2,1,1,2,2,2,3,2,4,1,1,0
6849493,68494,3,3,3,4,2,2,3,2,3,3,2,2,3,4,3,0
6857461,68574,2,2,3,1,2,1,1,2,2,4,2,2,4,2,2,0
6861407,68614,2,1,1,3,1,2,1,2,2,4,4,2,3,1,4,0
6861456,68614,3,3,3,4,2,2,2,2,2,3,1,2,3,4,2,0
6861745,68617,2,2,3,2,2,2,3,3,3,2,2,2,3,1,2,0
6864190,68641,4,2,2,4,2,8,3,4,4,1,1,4,4,2,1,0
6864866,68648,2,2,2,2,2,2,2,2,2,2,2,2,2,2,2,0
6866295,68662,2,3,3,4,1,2,3,3,3,3,3,2,2,2,2,0
6868018,68680,2,2,1,2,2,3,2,1,1,4,3,2,4,3,3,0
6869605,68696,2,3,2,2,2,3,1,2,3,3,3,2,3,3,2,0
6874043,68740,2,2,3,2,2,2,2,2,2,3,3,2,1,3,3,0
6875935,68759,2,3,3,2,2,2,1,2,3,4,4,2,3,1,2,0
6875960,68759,2,2,1,4,2,2,2,2,3,3,3,2,3,3,3,0
6879744,68797,3,2,3,1,2,3,3,2,2,3,3,2,2,2,2,0
6881706,68817,2,3,3,1,1,1,2,2,2,3,2,2,4,3,3,0
6883096,68830,2,2,3,2,1,2,2,3,2,3,2,2,2,3,3,0
6889226,68892,2,2,2,2,2,2,1,2,2,3,2,2,4,2,2,0
6890600,68906,2,2,2,2,1,2,3,2,2,3,3,2,4,2,2,0
6890604,68906,3,2,3,3,2,3,2,2,3,4,3,2,4,4,1,0
6890658,68906,2,2,3,3,2,1,3,3,2,3,2,2,1,2,1,0
6890698,68906,2,2,2,1,2,2,2,3,2,4,4,2,3,1,2,0
6895170,68951,3,4,2,4,2,2,2,1,2,4,4,2,4,3,2,0
6895192,68951,3,2,2,2,3,2,2,1,2,4,4,1,4,3,2,0
6898471,68984,2,1,3,2,2,2,3,2,4,3,3,4,4,3,2,0
7202120,72021,2,2,3,2,2,1,1,2,2,4,3,2,4,1,3,0
7202234,72022,3,2,2,4,2,3,3,3,3,3,3,3,3,3,3,0
7202243,72022,4,3,2,2,2,1,2,2,3,1,3,2,3,2,4,0
7202624,72026,3,2,2,3,2,2,3,3,2,2,3,3,3,3,3,0
7202692,72026,3,2,1,4,1,1,3,3,1,3,4,1,1,4,3,0
7204243,72042,2,2,1,3,2,1,1,1,2,2,2,2,3,3,2,0
7204298,72042,8,8,8,8,8,8,8,8,8,8,8,8,8,8,8,0
7205733,72057,3,1,2,2,2,1,3,4,4,1,3,4,1,3,3,0
7205734,72057,2,1,2,2,2,3,2,2,2,3,3,2,4,3,2,0
7206511,72065,3,3,3,2,2,2,2,3,3,3,3,3,3,2,2,0
7206546,72065,2,3,2,2,2,2,3,2,4,4,2,3,4,2,2,0
7208171,72081,2,2,1,3,1,4,2,2,2,3,3,2,4,3,3,0
7208450,72084,2,3,2,2,2,2,2,2,3,3,3,2,4,3,3,0
7209286,72092,2,4,3,1,2,3,1,2,2,4,2,2,4,3,4,0
7210079,72100,2,2,2,3,2,2,2,2,2,3,3,2,3,3,3,0
7210081,72100,1,1,2,2,1,2,2,2,2,4,4,1,4,1,2,0
7210827,72108,2,2,2,2,1,1,1,2,2,2,2,2,3,2,2,0
7211567,72115,2,2,1,4,2,2,3,2,2,3,4,1,4,3,2,0
7212742,72127,2,2,1,2,1,1,2,2,1,3,4,2,4,3,2,0
7212962,72129,2,3,2,2,1,2,2,1,2,2,3,3,4,4,3,0
7215371,72153,3,3,2,2,1,2,3,2,2,3,3,2,3,3,2,0
7217011,72170,8,8,8,8,8,8,8,8,8,8,8,8,8,8,8,0
7217905,72179,2,3,2,2,2,2,2,2,2,3,3,2,3,3,3,0
7217934,72179,2,2,3,2,1,2,2,2,2,4,4,2,4,2,3,0
7221210,72212,3,3,3,2,2,2,3,2,3,2,3,2,4,2,2,0
7221231,72212,3,2,3,2,1,1,3,2,2,1,3,3,4,2,3,0
7221269,72212,2,3,3,2,2,1,2,2,2,3,3,2,3,2,1,0
7221820,72218,2,3,2,2,2,3,2,2,3,3,3,2,4,3,3,0
7227505,72275,2,3,2,3,2,1,2,2,3,3,3,3,3,2,2,0
7227507,72275,1,2,3,2,1,3,2,2,2,4,4,2,3,4,4,0
7227540,72275,2,2,3,2,2,3,2,2,3,3,3,2,4,1,3,0
7227567,72275,1,2,3,2,2,2,1,1,1,3,3,2,4,3,2,0
7227591,72275,2,3,2,2,1,1,2,2,3,4,4,1,3,4,1,0
7229267,72292,2,3,2,2,1,1,2,2,3,3,2,2,2,2,2,0
7230087,72300,2,3,1,3,3,2,4,4,4,1,2,4,3,2,1,0
7232376,72323,2,2,2,2,2,2,2,2,2,3,3,2,3,3,3,0
7232819,72328,2,2,3,2,3,2,2,3,2,3,3,3,3,2,2,0
7232887,72328,2,3,2,3,2,3,3,3,2,3,3,3,4,4,4,0
7233680,72336,2,4,3,3,2,1,2,2,2,3,3,2,3,1,1,0
7236394,72363,2,2,3,2,2,2,2,2,1,4,2,2,4,4,2,0
7237541,72375,8,8,8,8,8,8,8,8,8,8,8,8,8,8,8,0
7238591,72385,2,2,3,2,1,2,2,2,1,4,4,2,4,3,3,0
7239159,72391,2,1,3,2,2,3,2,2,2,3,3,2,4,4,3,0
7239173,72391,2,2,2,2,2,1,2,2,2,3,4,2,4,2,3,0
7241117,72411,3,3,2,2,2,2,2,3,2,4,4,2,4,3,3,0
7241551,72415,2,2,3,8,2,1,3,2,2,2,3,2,3,3,1,0
7244075,72440,2,2,3,3,1,3,2,2,3,3,4,2,3,3,2,0
7244084,72440,2,1,2,3,2,2,2,2,3,3,4,2,4,1,4,0
7247282,72472,2,3,2,2,2,3,1,2,1,3,4,2,4,2,3,0
7247788,72477,2,2,2,2,2,3,2,2,2,4,2,4,2,8,3,0
7247791,72477,2,1,2,2,2,3,2,2,2,3,3,2,4,2,2,0
7248617,72486,2,2,3,2,2,1,3,3,3,3,3,3,4,3,2,0
7251671,72516,2,2,3,2,2,1,3,2,2,3,4,3,4,2,2,0
7252717,72527,2,3,2,2,2,3,3,2,2,3,3,3,3,3,3,0
7252737,72527,2,3,2,3,3,2,3,3,2,3,3,2,3,2,2,0
7255085,72550,3,3,1,4,2,1,2,2,4,3,2,3,3,1,2,0
7257301,72573,2,3,1,3,1,3,1,4,2,3,3,4,3,3,3,0
7257396,72573,2,1,3,2,4,3,2,2,4,3,4,3,1,3,4,0
7257709,72577,3,4,2,4,1,2,2,3,2,3,3,1,2,2,1,0
7258041,72580,2,3,2,2,1,3,2,3,3,3,3,3,4,2,3,0
7261767,72617,2,2,1,3,2,1,3,4,4,3,1,2,3,4,4,0
7264326,72643,2,3,2,3,2,3,2,2,2,3,2,2,3,2,3,0
7266830,72668,2,1,8,3,3,2,2,2,3,3,3,2,4,3,2,0
7269899,72698,2,2,2,3,2,2,2,2,2,3,2,3,3,3,2,0
7271510,72715,2,3,2,2,2,2,2,3,2,3,3,2,3,3,3,0
7272531,72725,2,4,4,3,2,1,2,2,2,1,3,2,3,3,2,0
7272533,72725,2,2,2,2,1,3,1,2,1,3,4,2,4,2,4,0
7273060,72730,2,3,3,2,2,2,2,2,2,4,4,2,4,2,2,0
7277693,72776,2,3,2,3,1,2,2,2,2,3,2,2,3,2,2,0
7279244,72792,1,2,2,1,2,3,2,2,2,3,3,2,4,2,3,0
7280360,72803,2,2,2,3,2,2,2,2,3,2,3,2,4,2,2,0
7281511,72815,2,2,3,2,2,2,2,2,2,4,4,2,3,3,3,0
7282847,72828,3,2,2,3,2,2,3,3,3,3,3,3,3,3,3,0
7282891,72828,2,2,2,2,2,2,2,2,2,3,3,2,4,2,2,0
7283410,72834,3,3,3,2,1,3,2,2,2,4,4,2,4,2,3,0
7285052,72850,2,2,2,2,2,2,2,2,2,2,3,3,2,3,2,0
7286534,72865,2,4,3,2,3,2,2,2,3,3,3,8,4,3,2,0
7286567,72865,2,2,4,2,2,3,2,2,2,3,3,2,4,3,1,0
7288216,72882,2,2,2,2,1,1,8,2,3,1,2,4,4,2,2,0
7293916,72939,2,1,2,2,2,3,2,2,2,3,3,2,4,3,2,0
7295695,72956,2,1,3,2,2,2,2,2,2,3,2,2,2,2,2,0
7295775,72957,2,2,3,3,2,3,2,2,3,4,4,2,4,4,4,0
7297357,72973,2,2,2,2,2,2,3,2,2,3,3,3,3,2,2,0
7701590,77015,2,2,2,2,2,2,2,2,2,3,3,2,4,4,4,0
7706907,77069,3,2,1,2,1,1,2,1,4,4,2,1,4,4,3,0
7709867,77098,2,1,3,2,1,2,1,2,1,4,2,1,4,4,1,0
7714703,77147,2,3,3,2,4,2,2,2,1,3,3,2,4,2,2,0
7727924,77279,2,3,2,2,2,2,3,3,2,3,3,3,3,2,2,0
7728550,77285,3,2,1,3,2,2,2,3,2,4,3,2,3,2,2,0
7730455,77304,3,2,3,2,2,3,2,3,2,3,3,2,3,1,3,0
7730492,77304,3,2,2,3,2,2,2,2,2,3,2,3,4,3,2,0
7732810,77328,2,1,3,2,1,2,2,2,2,3,3,3,3,2,3,0
7740358,77403,2,2,2,2,1,1,2,2,2,3,3,2,4,2,3,0
7745627,77456,2,2,1,3,2,3,2,2,2,4,3,2,4,4,2,0
7745681,77456,2,2,2,2,2,2,2,2,2,3,4,3,4,4,3,0
7745682,77456,2,2,3,2,1,2,2,2,3,4,3,2,4,1,1,0
7746022,77460,2,2,2,2,2,2,2,2,3,3,3,2,3,3,3,0
7746067,77460,2,2,3,2,2,2,2,2,2,4,3,2,3,2,2,0
7751891,77518,2,2,2,2,2,3,2,2,3,3,3,2,3,2,3,0
7753791,77537,2,2,3,3,1,3,2,2,2,3,3,3,3,2,2,0
7755276,77552,2,3,3,2,2,1,8,2,2,3,2,2,3,2,1,0
7759001,77590,3,3,3,3,2,3,2,2,2,4,4,3,4,2,2,0
7759047,77590,3,2,3,2,2,2,2,2,3,3,3,2,4,2,2,0
7763013,77630,2,2,2,2,2,3,2,2,3,3,3,2,3,3,3,0
7763050,77630,2,2,3,2,1,2,2,2,2,3,3,2,4,1,2,0
7767392,77673,3,2,2,3,2,2,2,2,2,3,3,3,3,3,3,0
7768495,77684,1,2,4,4,1,2,2,2,2,2,3,3,3,2,3,0
7771154,77711,3,2,2,2,1,2,3,2,2,3,3,2,3,3,2,0
7774946,77749,2,1,2,2,2,3,2,2,2,3,3,2,4,4,4,0
7779501,77795,2,2,2,3,1,2,2,2,1,3,4,2,4,3,3,0
7779558,77795,2,2,2,2,3,3,2,2,3,2,3,2,3,2,1,0
7780736,77807,3,3,2,2,2,2,3,3,3,3,3,2,3,2,2,0
7780779,77807,2,2,3,3,1,1,2,3,3,2,3,2,3,2,2,0
7785044,77850,3,3,1,4,2,2,2,3,3,4,2,3,4,4,2,0
7786542,77865,2,2,1,2,1,2,2,2,2,3,3,2,3,2,2,0
7788046,77880,2,3,2,2,2,1,2,2,3,3,3,2,4,2,2,0
7794901,77949,2,3,2,3,2,2,2,2,3,3,2,2,3,3,2,0
7806138,78061,1,2,2,1,2,3,1,1,1,4,4,2,4,3,3,0
7807734,78077,1,2,3,2,2,2,1,1,1,4,4,1,4,3,2,0
7809901,78099,2,2,2,3,4,1,3,4,1,4,4,3,3,2,2,0
7810125,78101,2,2,3,2,2,2,2,2,2,3,3,3,3,2,2,0
7811522,78115,3,3,2,3,2,2,2,2,2,2,3,3,2,3,3,0
7813765,78137,3,2,2,3,2,2,2,2,2,2,3,2,4,1,3,0
7813887,78138,2,3,2,2,3,2,2,1,2,4,3,1,4,3,3,0
7814823,78148,2,2,2,2,3,2,2,2,2,3,3,2,3,3,3,0
7816712,78167,2,1,2,2,2,2,2,3,2,3,2,2,3,2,2,0
7816715,78167,2,3,2,3,2,1,3,2,2,3,3,3,3,2,2,0
7817558,78175,2,2,2,2,3,3,2,2,2,3,1,3,3,2,2,0
7817992,78179,3,1,3,2,4,2,2,2,3,3,3,2,4,2,2,0
7823256,78232,2,2,2,2,2,3,2,2,2,3,3,2,3,2,3,0
7831107,78311,3,2,2,2,2,2,2,3,2,2,3,2,3,3,3,0
7831165,78311,2,2,3,2,2,3,2,2,2,3,3,2,3,3,3,0
7831166,78311,3,4,3,2,3,2,2,2,3,3,3,2,4,3,1,0
7831277,78312,2,2,3,2,2,3,2,2,3,3,3,2,4,2,3,0
7833087,78330,3,2,3,2,1,3,2,2,2,3,3,2,2,3,3,0
7835689,78356,2,2,2,2,2,2,2,3,3,3,3,3,3,3,3,0
7837205,78372,2,3,2,4,2,1,2,2,2,3,2,2,3,3,3,0
7837602,78376,2,1,3,2,2,3,2,2,2,3,3,2,4,3,2,0
7837693,78376,2,2,3,2,2,2,2,2,2,3,3,2,3,2,2,0
7846352,78463,3,2,2,2,2,1,4,2,2,3,2,2,4,1,1,0
7850405,78504,3,2,2,8,2,3,2,2,2,3,3,2,3,3,3,0
7850421,78504,2,2,2,2,2,3,2,2,2,3,3,2,4,4,3,0
7850576,78505,3,3,3,3,2,1,3,3,3,2,3,3,3,3,2,0
7850718,78507,3,3,3,3,2,2,3,3,3,2,2,3,3,3,1,0
7850742,78507,2,2,1,4,2,2,2,3,3,3,3,2,4,3,2,0
7850760,78507,2,2,3,2,4,2,2,2,2,3,3,2,3,2,3,0
7850857,78508,2,3,2,2,2,3,2,2,2,3,3,2,3,3,3,0
7850859,78508,2,4,3,2,2,2,2,2,2,3,3,2,4,2,2,0
7853329,78533,3,3,3,3,2,2,3,3,3,3,4,3,4,3,2,0
7853334,78533,2,2,2,2,8,3,2,2,2,3,3,2,3,3,2,0
7864925,78649,2,1,3,2,2,2,2,2,2,3,3,2,3,3,3,0
7865105,78651,2,2,3,3,2,3,3,3,2,4,3,2,4,2,2,0
7865118,78651,3,2,1,2,2,2,2,2,3,3,3,2,3,3,3,0
7865184,78651,1,2,3,2,2,3,3,2,2,3,3,2,4,3,2,0
7870576,78705,2,3,2,2,3,1,2,2,2,3,3,3,3,2,2,0
7870590,78705,2,2,2,2,2,3,2,3,2,4,3,3,3,1,1,0
7884142,78841,1,4,3,2,2,3,2,2,1,3,3,2,4,3,3,0
7885946,78859,2,2,2,3,2,2,2,2,2,3,2,3,3,3,2,0
7892239,78922,2,3,2,3,3,2,2,3,2,3,2,2,4,2,2,0
7892250,78922,8,8,8,8,8,8,8,8,8,8,8,8,8,8,8,0
7895602,78956,2,2,2,3,2,2,2,2,3,3,3,3,3,3,2,0
7895621,78956,2,3,3,2,3,3,2,2,2,3,2,3,3,3,2,0
7895660,78956,2,2,3,4,2,2,8,3,2,3,3,3,4,2,1,0
7908620,79086,8,8,8,8,8,8,8,8,8,8,8,8,8,8,8,0
7908634,79086,2,3,2,2,2,2,2,2,3,4,4,2,3,3,2,0
7957697,79576,2,2,2,2,2,2,2,2,2,3,3,2,4,2,3,0
7979024,79790,2,2,3,2,1,3,1,2,2,2,3,3,4,3,2,0
9163761,91637,2,4,3,2,2,3,3,3,3,3,3,3,4,3,2,0
2906146,29061,1,2,2,1,1,3,1,1,1,4,3,1,4,4,3,1
2906150,29061,2,2,3,2,2,2,2,2,2,3,3,2,3,2,3,1
2906153,29061,2,4,2,2,2,3,2,2,3,1,3,2,4,4,3,1
2906159,29061,2,3,2,2,2,2,1,2,2,3,3,2,4,3,2,1
2906162,29061,1,3,1,4,2,3,1,1,3,1,3,3,4,2,4,1
2906163,29061,1,3,1,1,2,2,1,1,1,4,4,1,4,3,4,1
2906169,29061,1,2,2,1,2,3,2,2,2,3,1,2,4,3,3,1
2906171,29061,2,2,2,2,2,3,2,2,2,4,4,2,4,4,3,1
2906174,29061,2,1,2,2,1,2,1,1,2,2,2,2,4,2,3,1
2906179,29061,1,2,2,2,1,3,1,1,2,4,4,1,4,3,4,1
2906183,29061,2,3,3,2,2,1,2,2,3,4,3,2,3,2,2,1
2906187,29061,2,4,1,2,2,3,2,2,2,3,3,3,4,3,3,1
2906188,29061,2,2,3,2,2,3,1,2,3,4,3,1,4,4,2,1
2906193,29061,2,3,3,1,3,3,1,2,2,3,3,2,4,3,3,1
2906194,29061,2,3,4,1,2,2,1,1,2,2,4,2,4,2,3,1
2936901,29369,3,3,2,2,3,2,2,1,1,3,2,1,3,2,1,1
2936906,29369,2,2,2,2,3,8,2,2,3,3,2,2,3,1,2,1
2936913,29369,2,2,2,2,4,1,2,2,2,2,3,3,4,3,2,1
2936915,29369,1,1,3,2,3,1,1,2,3,3,4,2,4,4,1,1
2936919,29369,2,1,3,4,2,2,3,2,3,3,3,3,3,4,2,1
2936921,29369,3,2,3,2,4,2,2,3,3,3,3,2,3,2,2,1
2936924,29369,2,1,3,2,3,1,2,1,1,3,3,2,4,1,2,1
2936927,29369,2,2,3,2,2,2,1,2,2,3,3,3,4,3,1,1
2936929,29369,2,1,2,2,2,1,2,2,2,2,2,2,3,2,2,1
2936934,29369,2,2,2,2,2,2,2,2,2,2,2,2,3,2,2,1
2936935,29369,2,2,2,2,2,2,2,2,2,4,2,2,4,2,3,1
2936954,29369,2,2,2,2,2,2,2,2,2,3,3,2,3,3,2,1
2936960,29369,2,2,3,2,2,1,2,1,2,4,3,1,4,2,3,1
2936962,29369,2,1,3,1,2,3,2,2,3,3,3,2,4,3,2,1
2936966,29369,2,2,3,3,2,2,2,2,3,3,3,3,3,2,2,1
2936967,29369,2,2,4,2,4,1,2,3,3,2,2,4,3,2,2,1
2936969,29369,2,2,1,2,2,1,2,2,3,3,8,3,3,3,3,1
2936972,29369,4,3,2,2,3,4,2,2,2,2,1,3,2,1,2,1
2936973,29369,3,2,3,3,3,2,3,2,3,3,3,3,3,2,2,1
2936975,29369,3,2,2,2,3,2,2,1,3,2,3,3,3,3,3,1
2936977,29369,2,3,3,1,4,1,2,2,3,3,3,4,4,1,1,1
2936982,29369,2,3,3,4,3,1,2,3,3,3,3,3,4,2,1,1
2936984,29369,2,3,3,2,2,3,2,2,3,4,4,1,4,2,1,1
2936985,29369,2,2,3,4,2,1,3,2,3,3,3,2,3,3,2,1
2936993,29369,2,3,3,2,3,2,3,3,4,3,3,3,3,3,3,1
2936994,29369,2,2,3,3,2,1,2,3,3,1,2,2,4,2,1,1
2957315,29573,2,3,2,2,2,2,2,2,2,3,3,2,4,3,2,1
2957339,29573,2,4,3,3,2,1,2,2,2,1,2,2,1,2,1,1
2998000,29980,2,2,2,1,2,2,2,3,3,3,2,3,2,2,3,1
2998002,29980,3,1,1,3,2,2,2,3,4,2,3,2,3,8,2,1
2998009,29980,3,3,1,3,2,3,2,2,3,1,4,2,4,4,4,1
2998012,29980,2,1,1,1,1,2,1,2,2,4,3,2,4,3,3,1
2998013,29980,2,2,2,2,2,1,2,1,2,3,2,2,4,3,2,1
2998017,29980,2,2,2,2,2,2,2,2,2,3,3,2,3,3,3,1
2998018,29980,2,3,2,1,2,2,2,2,3,4,4,1,4,4,2,1
2998019,29980,2,3,2,2,2,1,2,3,4,2,2,3,4,3,1,1
2998023,29980,3,2,1,3,1,1,2,2,2,3,4,4,4,4,3,1
2998028,29980,3,2,1,2,3,3,2,3,3,3,3,3,4,3,2,1
2998036,29980,2,2,2,2,2,2,2,2,2,3,3,2,4,3,3,1
2998038,29980,2,2,1,2,2,3,2,2,2,3,3,2,4,3,3,1
2998043,29980,2,2,2,2,2,2,1,1,1,3,2,2,4,2,3,1
2998044,29980,2,3,2,1,2,3,1,2,3,3,3,3,4,4,3,1
2998047,29980,2,3,2,2,2,2,3,3,3,2,3,3,3,3,2,1
2998051,29980,2,3,2,2,2,2,2,2,2,3,3,2,3,3,2,1
2998052,29980,2,2,2,1,2,3,2,2,2,3,3,2,4,2,4,1
2998056,29980,3,2,2,3,3,2,3,3,3,2,3,3,3,3,3,1
2998060,29980,2,2,2,2,2,2,2,2,2,2,2,2,4,2,4,1
2998061,29980,2,1,1,2,2,3,2,1,2,4,4,1,4,3,3,1
2998067,29980,3,3,2,2,2,1,4,2,3,3,3,2,4,3,2,1
2998070,29980,3,2,1,3,2,3,2,3,3,2,3,4,3,4,2,1
2998079,29980,2,3,1,2,2,2,2,3,3,3,1,3,4,1,4,1
2998080,29980,3,3,2,2,2,2,2,3,2,2,3,4,4,3,3,1
2998091,29980,3,2,2,2,2,2,2,3,3,3,4,4,3,4,4,1
2998092,29980,2,2,2,2,2,2,2,2,2,3,3,2,3,2,2,1
2998093,29980,2,3,1,2,2,1,1,1,2,1,3,2,4,3,2,1
3409818,34098,2,2,3,2,2,3,1,2,3,4,3,3,4,3,1,1
4547660,45476,2,3,3,2,2,3,3,2,1,4,3,2,4,3,3,1
5400260,54002,2,2,2,2,1,1,1,2,3,3,6,1,4,3,3,1
5407702,54077,2,3,3,2,2,2,2,2,1,4,4,2,4,4,2,1
5407704,54077,2,2,2,2,2,3,1,2,2,4,3,2,4,3,3,1
5407707,54077,2,2,2,2,2,1,2,2,2,3,3,3,3,2,2,1
5407713,54077,2,2,1,2,3,2,2,2,3,3,3,3,4,3,2,1
5407738,54077,2,2,2,3,2,3,3,2,2,4,3,2,4,4,3,1
5407759,54077,2,2,2,3,2,2,2,2,2,3,4,2,4,3,2,1
5407763,54077,2,1,1,3,2,1,2,3,2,2,3,3,4,3,2,1
5407770,54077,1,2,2,3,1,4,1,1,2,4,3,1,4,2,3,1
5407773,54077,2,3,2,1,2,3,2,2,2,4,4,2,4,4,1,1
5407774,54077,2,3,2,2,2,2,2,1,2,3,3,2,4,4,2,1
5407790,54077,3,4,2,3,1,3,4,2,3,2,4,2,3,4,3,1
5407798,54077,2,2,2,2,2,2,1,2,2,4,4,2,4,3,3,1
5412724,54127,1,1,3,1,1,3,1,1,1,4,4,1,4,3,2,1
5412738,54127,2,2,2,2,2,3,2,2,2,4,4,2,4,3,3,1
5412741,54127,3,1,1,3,2,4,1,1,3,3,4,3,4,4,4,1
5412755,54127,1,2,2,1,2,2,1,1,2,3,2,2,4,2,2,1
5412757,54127,2,2,2,2,2,3,1,1,2,4,4,1,4,4,3,1
5412769,54127,2,1,2,2,2,3,1,2,1,4,4,1,4,4,3,1
5412774,54127,2,2,2,3,2,3,2,1,3,3,3,2,4,4,3,1
5412786,54127,1,2,3,2,1,2,1,1,1,2,3,1,4,1,3,1
5425905,54259,2,3,4,1,2,2,2,2,2,3,3,2,3,2,2,1
5425914,54259,3,2,3,2,2,2,1,2,2,2,3,2,4,3,1,1
5425915,54259,2,3,2,2,2,3,2,2,3,2,3,3,3,3,2,1
5425916,54259,2,3,1,3,3,2,2,2,3,3,3,3,3,3,3,1
5425921,54259,2,3,2,1,2,3,1,2,3,4,3,2,8,4,1,1
5425950,54259,2,4,1,3,2,3,1,1,2,3,3,2,4,2,1,1
5425977,54259,1,2,2,2,2,3,2,1,1,4,3,1,4,4,3,1
5425988,54259,2,3,2,2,2,3,1,1,2,4,3,2,4,2,4,1
5425991,54259,2,3,1,2,2,2,2,2,2,2,3,2,4,3,3,1
5430502,54305,1,2,3,2,1,3,1,2,2,3,3,2,4,3,3,1
5430505,54305,1,2,2,2,1,3,1,1,1,4,4,1,4,3,3,1
5430510,54305,2,2,4,2,2,4,1,1,2,4,3,1,4,4,3,1
5430537,54305,2,3,2,2,1,3,1,1,2,3,4,2,4,4,3,1
5430540,54305,2,2,3,2,3,1,1,2,2,3,3,2,4,3,3,1
5430549,54305,2,2,3,1,2,4,2,1,2,3,4,1,4,4,4,1
5430552,54305,2,2,3,1,1,3,1,1,2,3,3,1,4,4,3,1
5430557,54305,2,2,3,2,1,3,1,1,1,3,3,2,8,3,3,1
5430563,54305,2,3,2,3,2,3,2,2,2,3,3,2,3,2,2,1
5430574,54305,1,2,2,1,2,4,1,1,3,3,3,2,4,4,2,1
5433033,54330,2,3,2,2,1,2,2,2,2,3,2,2,4,3,2,1
5435401,54354,2,2,2,2,2,3,3,2,2,3,3,2,4,3,3,1
5435407,54354,2,2,2,3,2,3,3,1,2,4,4,2,4,3,3,1
5435412,54354,2,4,3,2,2,2,1,1,2,3,2,2,4,3,2,1
5435413,54354,3,4,1,4,2,1,4,3,2,1,2,3,4,3,2,1
5435415,54354,2,2,1,3,1,2,2,2,1,2,3,4,3,2,1,1
5435418,54354,2,2,1,3,2,2,2,2,3,3,3,3,3,4,2,1
5435427,54354,2,2,3,2,2,2,2,1,1,3,3,1,4,3,3,1
5435454,54354,2,3,2,2,1,3,2,2,2,3,3,2,3,3,3,1
5435459,54354,2,2,1,2,1,3,1,1,2,4,4,1,4,4,4,1
5435484,54354,2,2,1,2,1,2,1,1,2,3,3,2,4,1,3,1
5439417,54394,2,2,2,2,2,3,2,1,1,3,3,3,3,3,2,1
5439464,54394,2,3,1,3,4,3,2,2,3,3,1,3,3,3,2,1
5439479,54394,2,3,2,2,2,2,2,3,2,3,2,3,3,3,3,1
5439482,54394,2,1,2,2,2,3,1,2,3,3,2,2,4,4,2,1
5439487,54394,2,3,2,2,2,2,2,2,2,3,3,3,2,3,4,1
5439494,54394,2,2,1,4,2,4,1,2,2,4,3,2,4,4,4,1
5439495,54394,2,3,3,2,2,2,1,1,3,3,2,2,4,4,2,1
5442357,54423,2,2,2,3,2,2,2,2,2,3,3,2,3,3,2,1
5442362,54423,2,2,3,2,1,2,3,2,2,3,3,2,4,2,2,1
5442371,54423,2,2,3,2,3,3,2,3,3,3,3,2,4,4,2,1
5446007,54460,2,2,2,2,2,3,2,2,2,3,3,2,4,3,3,1
5446008,54460,8,8,8,8,8,8,8,8,8,8,8,8,8,8,8,1
5446015,54460,2,2,1,3,1,2,2,2,3,3,3,2,3,3,3,1
5446024,54460,1,2,1,2,2,4,2,2,1,3,4,2,4,4,4,1
5446025,54460,2,2,2,2,3,2,2,3,3,3,3,2,3,2,3,1
5446046,54460,2,2,1,1,1,3,1,1,2,2,2,2,4,4,4,1
5446050,54460,2,2,1,2,2,3,2,1,1,3,3,2,4,4,3,1
5446053,54460,2,2,2,2,2,3,2,2,2,2,3,3,2,3,3,1
5446062,54460,1,2,2,2,2,3,1,1,2,4,3,2,4,4,3,1
5446068,54460,8,8,8,8,8,8,8,8,8,8,8,8,8,8,8,1
5446073,54460,2,2,1,2,2,3,1,2,1,3,3,2,3,3,3,1
5446084,54460,8,8,8,8,8,8,8,8,8,8,8,8,8,8,8,1
5446086,54460,2,2,2,2,2,3,2,2,3,3,3,3,3,3,2,1
5446093,54460,1,1,2,1,1,4,1,2,2,3,3,2,4,3,4,1
5453826,54538,2,2,2,3,2,2,2,1,2,3,4,1,4,4,2,1
5453832,54538,1,2,2,2,1,1,1,2,2,3,2,3,4,1,2,1
5453842,54538,2,2,1,2,2,1,3,3,3,3,2,3,4,2,1,1
5453853,54538,2,2,2,2,2,3,1,2,2,3,3,2,4,3,3,1
5453873,54538,2,2,2,2,2,2,2,1,2,3,3,2,4,3,1,1
5453885,54538,2,2,2,2,2,1,2,2,3,2,2,2,4,2,2,1
5453891,54538,2,3,1,4,3,1,2,2,2,3,3,3,4,3,2,1
5453899,54538,2,4,2,2,2,3,1,1,2,4,3,1,4,3,3,1
5473015,54730,2,1,1,2,2,3,1,2,2,3,3,2,4,3,2,1
5473016,54730,2,2,3,2,1,2,1,1,3,4,4,3,4,2,2,1
5473023,54730,2,1,1,2,1,1,1,1,2,2,2,2,4,3,2,1
5473044,54730,2,1,2,2,2,2,2,2,2,4,3,2,4,3,2,1
5473048,54730,8,8,8,8,8,8,8,8,8,8,8,8,8,8,8,1
5473059,54730,2,2,2,2,2,3,2,2,2,3,3,3,3,3,3,1
5473065,54730,2,2,3,2,2,1,2,2,3,4,4,2,4,3,2,1
5473075,54730,2,2,2,2,1,1,1,2,1,3,3,2,4,2,2,1
5473078,54730,2,1,2,2,2,3,1,1,2,3,3,2,4,2,3,1
5473082,54730,2,2,2,3,1,3,2,2,3,3,3,3,3,3,3,1
5473088,54730,2,2,2,3,2,3,2,2,3,3,2,3,3,3,2,1
5473092,54730,2,3,1,3,2,1,2,2,1,3,2,2,4,3,1,1
5475204,54752,2,3,2,1,3,3,1,2,2,3,3,2,4,2,3,1
5475209,54752,2,3,3,2,3,3,2,2,2,3,3,3,3,3,2,1
5475213,54752,1,2,1,1,2,2,2,1,1,4,4,1,4,4,3,1
5475215,54752,2,2,3,2,2,2,2,2,2,3,3,2,4,3,2,1
5475226,54752,2,2,1,3,3,3,2,2,2,4,3,2,4,3,3,1
5475234,54752,8,8,8,8,8,8,8,8,8,8,8,8,8,8,8,1
5475241,54752,2,2,1,2,4,2,2,1,2,3,2,2,4,3,3,1
5475247,54752,3,4,1,2,2,2,1,3,4,3,3,1,4,4,2,1
5475259,54752,2,2,1,1,2,4,1,1,1,3,3,1,4,4,3,1
5475261,54752,2,2,2,1,2,3,2,2,2,3,3,2,3,2,2,1
5475267,54752,2,2,3,2,1,2,2,2,2,3,3,2,4,3,2,1
5475268,54752,1,2,3,2,1,2,2,2,2,3,2,8,4,3,2,1
5475277,54752,2,3,1,2,3,3,2,1,2,3,3,2,4,3,4,1
5475278,54752,1,2,3,2,2,3,1,2,2,3,4,1,4,3,3,1
5475282,54752,2,3,2,3,3,2,2,2,2,3,3,2,2,3,2,1
5475283,54752,2,4,1,1,2,2,2,1,2,3,2,2,3,2,3,1
5475286,54752,2,3,1,2,3,3,2,2,3,3,3,2,4,3,3,1
5475298,54752,2,1,8,2,1,3,2,2,3,4,4,2,4,4,4,1
5488804,54888,2,1,3,2,2,3,1,1,1,4,4,2,4,4,4,1
5488808,54888,1,1,1,1,2,3,2,1,1,3,3,1,4,1,3,1
5488819,54888,2,3,2,2,1,3,2,2,2,2,3,2,4,3,3,1
5488823,54888,1,1,1,1,1,1,4,4,4,1,1,4,4,1,1,1
5488828,54888,2,2,2,2,2,3,2,2,2,3,3,2,3,3,3,1
5488836,54888,2,2,2,1,1,3,1,2,2,4,4,2,4,4,3,1
5488849,54888,2,2,2,2,2,3,2,2,2,3,3,2,4,2,3,1
5488853,54888,3,2,2,3,2,3,2,2,2,3,3,3,3,3,3,1
5488870,54888,2,2,2,3,1,3,1,1,1,3,3,1,4,4,4,1
5488876,54888,8,8,8,8,8,8,8,8,8,8,8,8,8,8,8,1
5488877,54888,2,1,1,1,1,2,1,1,1,4,3,1,4,3,3,1
5488895,54888,1,2,2,2,2,3,2,1,1,4,4,2,4,3,3,1
5488897,54888,2,2,2,2,2,2,3,2,3,3,3,2,4,3,1,1
5496422,54964,2,2,2,2,1,3,1,1,1,3,4,1,4,4,4,1
5496444,54964,1,3,2,2,1,4,1,1,1,3,3,2,4,4,4,1
5496458,54964,2,2,3,2,3,3,1,1,1,3,3,2,4,4,3,1
5496479,54964,2,2,2,2,1,3,2,1,2,4,4,1,4,4,3,1
5496480,54964,2,3,3,2,4,3,1,8,3,3,3,4,1,3,3,1
5496497,54964,2,2,2,2,3,3,1,1,2,3,3,2,3,3,2,1
6217702,62177,2,3,3,2,1,3,2,1,2,4,3,2,4,3,2,1
6217776,62177,2,3,2,2,2,2,2,3,2,4,2,3,4,3,3,1
6217789,62177,2,3,2,2,3,3,2,3,3,2,3,3,3,3,2,1
6217790,62177,2,2,2,3,2,3,2,2,2,3,3,2,4,4,4,1
6234305,62343,2,1,3,2,2,3,2,2,2,3,3,2,3,3,3,1
6234316,62343,1,3,2,2,2,3,1,2,2,4,3,2,4,3,3,1
6234322,62343,2,3,3,3,2,2,3,1,3,3,3,2,3,2,3,1
6234338,62343,2,3,3,2,3,4,2,2,2,3,3,2,4,3,3,1
6234342,62343,1,3,3,2,2,3,2,2,2,3,3,2,3,3,2,1
6234356,62343,1,2,4,1,1,3,1,1,2,4,4,1,4,4,4,1
6234364,62343,1,2,2,2,2,4,2,1,2,3,4,2,4,4,4,1
6234367,62343,1,3,4,2,2,4,1,1,1,4,4,1,4,4,4,1
6234383,62343,1,2,2,2,2,2,2,2,1,3,3,2,4,3,2,1
6234393,62343,2,3,3,2,2,3,1,2,3,3,3,1,4,3,3,1
6234395,62343,2,3,2,2,1,1,2,3,4,2,3,2,4,3,2,1
6236017,62360,2,3,2,2,2,3,2,2,1,4,4,1,4,3,3,1
6236020,62360,2,2,2,2,2,2,2,2,3,3,2,3,3,2,2,1
6236057,62360,2,2,2,2,2,2,2,2,2,3,3,2,4,2,2,1
6236063,62360,2,2,2,2,2,3,1,2,2,3,3,2,1,3,3,1
6236074,62360,2,3,2,2,1,3,2,2,2,3,3,2,4,3,3,1
6236083,62360,2,1,3,2,2,2,2,2,2,3,3,2,4,3,3,1
6236094,62360,2,2,2,2,1,3,1,1,1,4,4,1,4,4,3,1
6236097,62360,2,2,4,4,2,2,2,2,3,3,8,2,3,2,2,1
6237709,62377,2,3,2,2,1,2,1,2,3,2,2,2,3,2,2,1
6237722,62377,2,8,3,2,2,2,1,1,2,3,3,2,4,4,3,1
6238507,62385,2,3,3,2,1,3,1,2,2,3,3,2,4,3,2,1
6238552,62385,2,3,3,2,1,2,2,2,3,4,3,1,4,1,2,1
6238576,62385,2,2,3,2,2,2,3,2,2,3,3,2,4,3,2,1
6246906,62469,2,3,2,2,1,4,2,2,2,4,3,2,4,4,2,1
6246918,62469,1,3,1,2,1,3,1,1,1,4,3,1,4,3,4,1
6246932,62469,2,3,1,2,2,3,2,2,3,3,3,2,3,3,3,1
6246980,62469,2,2,2,2,1,3,2,2,3,2,1,2,4,2,2,1
6246983,62469,2,2,2,2,1,3,1,1,1,4,4,1,4,4,3,1
6248802,62488,1,1,1,2,3,3,1,2,2,4,3,1,4,3,3,1
6248809,62488,1,2,2,2,2,2,1,2,2,3,3,4,4,3,3,1
6248813,62488,2,2,2,2,2,3,2,2,2,3,3,2,3,2,3,1
6248827,62488,1,2,2,2,2,2,1,1,1,4,3,2,4,3,2,1
6248851,62488,1,1,3,2,1,3,1,1,2,3,2,1,4,3,3,1
6248876,62488,1,1,2,2,1,3,1,1,2,4,3,1,4,3,3,1
6248879,62488,1,2,1,2,1,3,1,1,2,4,4,2,4,4,3,1
6248895,62488,2,2,3,2,2,3,2,2,2,3,3,2,4,3,3,1
6259606,62596,2,1,2,2,1,3,1,1,2,3,3,2,4,3,2,1
6259615,62596,2,1,1,2,2,1,1,1,1,4,3,1,4,3,1,1
6259618,62596,2,3,2,3,1,4,4,4,4,3,4,2,4,4,2,1
6259629,62596,2,1,3,1,1,3,2,2,2,3,4,2,4,3,3,1
6259631,62596,2,3,3,2,1,2,3,3,4,2,1,4,3,2,1,1
6259635,62596,2,1,1,2,1,2,2,2,2,3,3,2,4,3,3,1
6259642,62596,2,2,2,2,2,4,2,2,3,3,3,2,4,3,4,1
6259645,62596,2,2,2,2,3,3,2,2,2,3,2,2,4,3,2,1
6259656,62596,2,2,2,2,1,2,2,3,1,4,4,3,4,3,2,1
6259657,62596,3,2,2,1,3,4,3,1,3,3,3,3,4,3,2,1
6259675,62596,2,2,3,3,2,1,1,2,2,3,3,3,4,3,3,1
6259679,62596,2,2,4,2,2,3,2,1,1,3,3,2,4,3,2,1
6259692,62596,2,2,1,2,1,3,2,2,3,4,4,2,4,4,4,1
6263017,62630,2,2,2,2,2,3,1,1,2,4,2,2,3,3,1,1
6263029,62630,2,2,1,2,1,3,1,1,2,4,3,1,4,3,3,1
6263066,62630,2,1,1,2,3,2,1,1,1,3,2,1,4,2,3,1
6263067,62630,2,3,3,3,2,2,2,2,2,3,3,2,3,3,2,1
6263069,62630,2,3,3,2,2,2,2,3,3,3,2,3,4,2,2,1
6263087,62630,2,2,2,3,1,3,1,1,1,3,3,2,3,3,2,1
6263089,62630,1,1,2,1,1,4,1,1,1,4,4,1,4,4,2,1
6282100,62821,2,3,2,1,1,3,1,1,2,4,3,1,4,4,2,1
6282118,62821,2,2,2,1,1,3,6,1,2,3,3,2,3,3,3,1
6282120,62821,2,3,1,3,2,2,2,2,2,2,2,3,3,3,2,1
6282128,62821,2,2,2,2,2,3,2,1,2,3,3,2,3,3,3,1
6282131,62821,2,4,3,2,1,3,1,1,1,4,3,1,4,4,3,1
6282134,62821,2,2,1,2,2,3,2,1,1,3,3,2,4,3,4,1
6282135,62821,2,3,3,3,2,3,2,2,2,3,3,2,3,3,3,1
6282140,62821,1,3,3,2,1,3,1,2,2,4,4,2,4,3,3,1
6282149,62821,2,2,3,2,2,4,1,1,2,3,3,2,4,4,4,1
6282192,62821,2,2,2,2,1,3,2,2,2,3,3,2,4,3,3,1
7276108,72761,1,3,2,3,2,3,2,1,2,3,4,2,4,4,2,1
7286525,72865,8,8,8,8,8,8,8,8,8,8,8,8,8,8,8,1
7290653,72906,1,1,1,1,1,4,1,1,1,4,4,2,4,3,4,1
8418951,84189,2,3,2,3,2,3,2,3,3,3,3,3,4,4,2,1
8418972,84189,2,2,3,1,1,3,1,2,1,3,3,2,4,3,3,1
8418980,84189,2,1,2,2,1,3,1,1,2,3,3,2,3,3,3,1
8438754,84387,2,2,2,2,2,3,1,2,2,3,4,2,3,3,3,1
8452614,84526,1,1,2,3,2,1,1,1,2,3,3,1,4,4,3,1
8452621,84526,2,2,1,2,2,3,1,1,2,3,3,1,4,3,3,1
8452647,84526,2,2,2,2,1,2,2,2,2,4,2,2,4,4,4,1
8452653,84526,2,3,3,2,1,4,1,1,2,3,3,1,4,4,4,1
8452698,84526,2,3,2,2,1,4,1,1,2,4,4,1,8,8,8,1
8455143,84551,2,3,2,2,2,3,1,1,2,4,4,2,4,3,3,1
8455152,84551,2,4,2,2,2,3,2,2,1,4,3,2,3,3,2,1
8455176,84551,1,3,3,2,2,3,2,1,3,4,3,1,4,4,3,1
8455193,84551,1,2,2,2,2,3,2,2,2,3,3,2,3,3,3,1
8472146,84721,2,2,3,2,2,2,2,2,3,3,3,2,3,3,3,1
8472171,84721,2,3,2,3,2,2,2,2,3,2,3,2,4,4,3,1
8472180,84721,2,2,2,2,1,3,2,2,2,3,4,2,3,1,3,1
8472199,84721,2,2,3,2,2,3,2,2,2,3,3,2,4,3,2,1
8472807,84728,1,2,2,2,1,3,1,2,2,4,3,2,4,3,3,1
8472849,84728,2,2,2,2,1,3,2,2,2,3,4,2,4,4,3,1
8472878,84728,2,1,2,2,1,3,2,2,2,3,3,2,4,3,3,1
8477402,84774,3,3,3,2,1,2,2,2,3,3,3,2,4,3,2,1
8477413,84774,2,3,2,2,1,3,2,2,2,3,3,2,4,3,2,1
8477458,84774,2,3,3,2,2,2,2,2,1,4,4,2,4,4,3,1
8477465,84774,2,2,3,2,2,3,2,2,2,4,3,1,4,3,2,1
8477477,84774,2,3,2,3,2,2,4,4,3,3,3,3,3,3,3,1
8478143,84781,1,1,2,2,1,4,1,1,1,4,4,1,4,4,4,1
8478169,84781,2,4,3,2,1,2,2,2,2,3,3,2,4,2,2,1
8478178,84781,1,2,3,3,1,3,1,1,1,4,4,1,4,4,3,1
8478194,84781,1,2,3,2,1,3,1,1,1,4,4,1,4,3,3,1
8483121,84831,2,3,3,2,4,2,1,2,1,4,2,1,3,3,2,1
9112304,91123,2,3,8,6,2,4,2,2,3,3,2,2,4,3,3,1
9112328,91123,2,3,2,2,1,3,1,1,2,3,3,2,8,4,3,1
9112351,91123,2,4,1,4,3,3,1,2,4,3,3,4,4,3,2,1
9112356,91123,2,2,4,8,1,1,2,3,4,1,1,4,3,4,1,1
9112392,91123,2,2,2,2,1,3,1,1,1,3,3,2,4,3,4,1
9112397,91123,2,2,3,2,1,3,2,2,4,4,3,2,4,4,1,1
9160308,91603,2,1,1,2,2,3,2,2,2,2,2,8,3,3,2,1
9160319,91603,2,3,3,2,2,2,1,2,2,3,1,2,4,3,2,1
9160320,91603,2,1,1,2,1,3,1,1,2,4,3,2,4,3,4,1
9160385,91603,1,1,2,2,1,3,1,1,2,3,3,1,4,4,3,1
9160395,91603,1,2,3,2,1,2,2,1,3,3,3,2,4,2,2,1
9187202,91872,2,3,2,2,3,1,2,2,1,2,1,2,3,3,1,1
9187252,91872,1,3,4,2,1,3,1,1,1,4,3,1,4,4,4,1
9187262,91872,2,2,2,2,1,4,1,1,1,4,3,1,3,1,3,1
9187269,91872,2,2,3,2,2,3,1,1,1,4,4,1,4,4,3,1
9187272,91872,2,2,2,2,2,4,1,2,1,4,3,2,4,4,3,1
9187279,91872,1,3,3,2,1,2,1,1,1,4,4,2,3,3,2,1
9194703,91947,2,2,1,2,1,2,1,1,1,3,3,2,6,8,3,1
9194731,91947,2,2,2,2,1,2,2,1,2,3,3,2,3,3,3,1
9194764,91947,2,3,3,1,2,3,1,1,1,4,3,1,4,4,4,1
9194790,91947,2,3,3,2,2,3,3,1,2,3,3,2,3,3,3,1
9196908,91969,2,1,3,2,1,2,2,2,3,3,3,2,3,3,3,1
9196914,91969,2,2,3,2,1,3,1,2,2,3,3,2,3,3,3,1
9196922,91969,1,2,4,1,1,3,1,1,2,4,3,1,4,4,2,1
9196938,91969,2,1,2,2,1,2,1,3,3,2,3,2,4,2,2,1
9196944,91969,2,3,1,2,1,3,1,2,3,4,4,2,4,3,3,1
9196964,91969,1,2,1,1,2,2,2,2,2,3,3,2,3,3,3,1
9196966,91969,1,2,2,3,2,3,2,1,2,4,3,1,4,4,3,1
9196967,91969,2,2,1,3,3,3,4,8,2,2,2,2,1,1,1,1
9196982,91969,2,2,2,2,2,3,2,2,2,3,3,2,4,3,3,1
9196993,91969,2,1,3,2,2,3,2,1,2,3,3,2,4,3,3,1
9199106,91991,2,2,2,2,2,3,1,1,2,4,3,2,4,3,3,1
9199108,91991,2,2,3,2,1,3,1,1,2,4,4,2,4,3,2,1
9199119,91991,8,8,8,8,8,8,8,8,8,8,8,8,8,8,8,1
9199152,91991,2,2,1,2,3,3,1,1,2,2,4,2,4,4,2,1
9199157,91991,1,2,3,2,2,3,2,2,2,3,3,2,4,3,3,1
9199179,91991,1,1,2,2,2,3,1,2,2,3,2,2,4,4,3,1
9199197,91991,1,1,2,1,1,4,1,2,2,4,3,1,1,4,4,1