enjoyread,effort,lookforward,enjoy,career,interest,important,job
3,1,2,3,1,2,1,1
3,2,3,3,1,3,1,2
2,1,1,2,1,2,1,1
3,2,2,3,2,2,2,2
2,3,3,3,2,2,2,2
4,4,4,4,4,4,4,4
2,2,3,3,2,3,2,2
4,1,2,3,2,2,2,2
1,2,2,2,2,1,1,2
2,1,2,2,1,2,1,1
4,1,4,3,1,4,1,1
3,2,3,3,2,3,2,2
2,2,2,2,3,2,3,3
3,3,3,3,3,3,2,3
4,1,2,4,1,4,1,1
3,1,1,1,2,2,2,2
3,2,2,3,2,3,3,2
2,1,2,3,1,3,2,1
2,1,2,3,2,2,3,2
3,2,2,2,2,2,2,2
3,2,3,3,3,3,2,2
4,2,2,3,2,3,2,2
4,3,4,4,4,3,3,2
4,3,1,2,3,2,4,2
3,2,2,3,2,3,3,2
2,1,1,1,1,1,1,1
999,999,999,999,999,999,999,999
3,2,4,4,2,4,2,2
3,2,2,2,2,2,2,2
3,2,2,3,2,3,3,2
2,1,2,3,2,2,2,2
999,999,999,999,999,999,999,999
3,2,3,3,2,2,3,2
2,1,2,1,2,1,1,1
2,2,1,2,2,3,2,2
3,2,2,2,2,2,2,2
2,2,2,3,2,2,2,2
2,1,2,1,2,2,2,2
3,3,3,3,3,3,3,3
2,3,1,1,2,1,3,2
3,2,4,3,3,3,3,2
3,1,3,3,1,2,1,1
3,2,1,3,2,2,2,2
3,2,3,3,2,3,2,2
3,2,3,4,2,3,3,2
3,2,3,3,2,2,2,2
3,2,3,3,2,3,3,3
2,1,2,2,1,2,1,1
4,1,4,4,2,4,1,1
4,1,3,4,2,3,2,1
4,1,1,2,1,3,1,1
4,2,3,4,3,4,3,2
1,1,1,1,1,1,1,1
3,2,3,3,3,3,2,2
4,4,4,4,4,4,4,4
4,2,3,3,1,3,2,1
3,3,3,3,3,3,3,3
3,1,1,1,2,1,1,1
3,1,2,2,1,2,2,1
3,2,3,3,2,3,3,3
2,2,2,2,2,2,2,2
2,1,2,2,1,2,2,1
4,2,4,4,1,4,1,2
4,3,4,4,3,4,3,4
4,4,4,4,4,4,4,4
3,2,3,3,2,3,2,2
3,1,2,2,1,2,1,1
4,2,3,3,2,3,2,2
3,2,3,2,2,2,2,2
2,2,2,2,2,2,2,2
3,2,3,3,2,3,3,3
2,2,2,2,1,2,2,2
2,2,2,3,2,3,2,2
4,2,4,4,2,4,2,2
2,2,2,2,2,2,2,2
2,2,2,3,2,2,2,2
4,2,3,3,3,3,3,2
1,1,1,1,2,2,2,2
3,2,3,3,2,3,2,2
3,1,1,4,1,1,1,1
4,4,4,4,4,4,4,4
3,3,2,3,3,2,3,3
3,2,2,3,2,1,3,2
3,2,3,3,3,2,3,3
2,2,2,2,2,2,2,2
4,3,2,4,1,4,2,2
3,1,2,3,1,2,1,1
2,1,1,1,1,1,1,1
3,1,3,4,1,2,1,1
2,1,2,2,1,1,1,1
4,2,4,4,2,4,3,2
4,2,4,4,2,4,3,2
3,2,3,3,2,3,2,2
3,1,3,3,2,3,4,3
3,1,2,1,1,1,1,1
3,1,3,3,1,3,3,1
3,3,3,4,3,3,2,3
3,2,3,3,1,3,2,1
3,2,3,3,1,3,2,2
3,2,3,3,2,2,2,2
3,2,2,3,2,2,2,2
2,2,2,2,1,2,1,2
4,3,4,4,4,4,3,2
2,2,2,2,2,2,2,2
3,2,1,1,2,2,3,2
3,2,3,3,2,3,3,2
999,999,999,999,999,999,999,999
3,2,3,4,2,3,2,2
4,2,3,3,2,3,2,2
4,3,4,4,1,3,3,3
2,2,2,2,2,2,999,2
2,2,2,2,2,2,2,2
3,2,3,4,2,3,3,2
2,1,3,3,1,2,1,1
2,2,2,2,2,2,2,2
4,4,4,4,4,4,4,4
4,2,3,4,2,3,1,1
2,2,3,3,3,3,2,2
2,2,2,2,2,2,2,2
1,1,1,1,3,3,2,1
3,1,1,2,1,1,1,1
3,1,3,3,1,2,3,1
3,1,1,1,1,2,1,1
4,2,2,3,2,2,3,2
3,2,3,3,2,2,2,2
2,2,2,2,2,2,3,2
3,2,2,3,2,2,3,2
3,2,3,3,2,3,2,2
1,1,1,1,1,1,1,1
2,1,2,2,1,2,1,1
3,1,2,3,2,3,2,1
3,2,2,3,3,3,3,2
4,3,4,4,2,4,2,3
3,2,3,3,2,3,1,3
3,2,3,4,3,3,2,3
3,2,2,3,2,2,2,3
3,1,1,1,1,1,1,1
3,1,2,2,1,2,1,2
4,3,2,2,2,2,2,2
3,2,3,3,2,3,2,2
2,1,2,2,1,2,1,1
1,1,2,2,1,1,1,1
3,2,2,2,1,3,2,2
4,2,4,4,2,4,2,2
3,3,3,3,2,3,3,2
4,3,4,4,3,4,3,2
4,2,4,4,2,3,2,2
2,2,2,2,2,2,2,2
3,2,3,4,2,3,2,2
3,3,3,4,4,3,4,1
3,2,3,2,2,2,2,1
2,2,2,3,2,2,2,2
2,2,1,1,1,1,1,1
3,2,3,3,2,3,3,2
4,4,3,4,4,4,2,999
3,2,3,3,3,3,3,2
3,2,3,2,2,3,3,2
3,1,2,4,2,3,2,1
3,3,3,3,2,3,3,2
2,2,2,2,2,2,2,2
2,1,1,1,2,2,3,2
2,2,2,2,2,2,2,2
3,1,1,2,1,1,2,1
2,1,1,2,1,1,1,1
2,2,2,2,2,2,2,2
3,2,3,3,2,3,2,2
1,1,1,1,1,1,1,1
3,2,3,3,2,3,2,1
3,2,3,4,2,3,2,2
1,1,1,1,1,1,1,1
3,2,3,3,2,2,2,2
4,2,4,4,2,3,1,2
1,1,1,1,1,1,1,1
4,4,4,4,4,4,3,4
2,1,3,2,1,2,1,1
2,2,2,2,2,2,2,2
2,3,2,2,2,3,4,3
2,2,3,4,2,1,1,1
4,2,4,4,4,3,3,3
1,1,1,1,1,1,1,1
4,4,4,4,1,4,1,1
2,1,1,1,1,1,1,1
3,2,3,3,2,2,1,1
3,3,3,3,3,3,3,3
3,2,4,4,2,2,1,1
3,2,2,3,2,3,2,2
2,1,1,1,2,1,3,1
1,1,1,1,1,1,1,1
3,2,3,2,2,2,2,2
1,2,2,2,2,1,1,2
3,3,4,4,2,4,3,2
2,1,2,2,1,2,1,2
3,2,3,4,3,3,3,2
3,2,3,3,1,3,1,1
4,2,4,4,2,2,2,4
4,2,3,3,2,3,2,2
2,2,3,3,2,3,2,2
3,1,3,4,2,3,1,1
1,2,2,1,2,2,2,2
2,2,2,2,2,2,2,2
3,3,3,3,3,2,3,3
3,2,3,3,2,3,2,2
3,2,2,4,2,4,2,2
4,4,4,4,4,4,4,4
2,1,2,2,2,2,1,1
2,1,2,3,2,3,2,2
3,2,4,4,2,4,2,3
2,1,2,2,1,1,1,2
2,2,3,3,2,3,2,2
1,1,1,1,1,1,1,1
4,4,3,4,4,4,2,4
3,2,2,3,2,2,2,2
4,4,4,4,2,4,4,4
3,1,3,3,2,2,3,2
2,2,2,2,2,2,2,2
4,2,4,4,2,4,2,2
4,2,3,4,1,3,1,1
3,2,3,3,2,3,2,2
3,1,2,4,1,2,1,1
4,4,4,4,4,4,4,3
2,2,3,3,2,3,2,2
4,2,3,4,2,3,3,3
2,1,2,2,2,1,1,1
4,2,4,4,2,3,3,2
4,2,3,4,2,3,2,1
3,2,1,3,2,2,1,2
3,3,3,3,2,3,2,2
3,1,2,1,2,1,1,1
3,1,1,1,1,1,2,1
3,2,3,3,2,3,2,2
3,1,3,2,2,3,1,1
4,4,4,4,4,4,4,999
4,2,4,4,2,4,3,2
1,2,2,1,2,3,2,1
3,1,1,1,1,1,1,1
4,4,4,4,4,4,4,4
1,2,3,4,3,2,1,2
3,1,2,2,2,2,2,2
2,2,3,2,2,3,1,1
3,1,3,3,1,2,1,1
1,1,1,1,1,1,1,1
3,1,1,2,2,2,2,2
3,2,2,2,2,2,2,2
3,3,3,3,2,3,2,2
2,2,2,3,2,2,2,2
3,1,3,3,3,2,1,1
1,2,1,1,1,1,2,1
3,1,2,3,1,3,2,1
3,2,2,3,2,2,2,2
3,2,2,3,2,2,2,2
4,999,999,4,999,999,999,999
2,999,2,2,999,2,1,4
2,1,2,2,1,1,3,1
1,1,1,1,1,1,1,2
2,1,2,2,1,2,1,1
3,2,2,2,2,2,2,2
2,2,2,3,2,2,2,1
3,1,1,1,1,2,2,2
4,3,3,3,3,3,3,3
3,3,2,3,1,3,3,1
3,2,4,3,2,3,2,2
999,999,999,999,999,999,999,999
4,1,4,4,1,4,1,1
1,1,1,1,1,1,1,1
3,1,2,2,2,3,2,2
3,3,4,4,3,4,4,3
3,2,3,3,2,3,3,3
3,1,2,2,1,2,1,1
3,2,2,3,2,2,2,2
3,3,3,4,2,3,4,2
3,2,3,4,2,3,2,2
3,3,3,3,2,3,3,2
3,1,3,3,1,3,1,2
2,3,2,2,3,3,4,3
3,1,2,3,2,2,1,1
2,2,2,2,2,2,2,2
3,1,2,2,2,2,2,2
2,2,2,2,2,2,2,2
4,2,3,3,2,3,2,2
3,2,2,2,2,2,2,2
4,4,4,4,4,4,4,4
2,2,2,2,2,3,2,3
3,2,3,3,2,2,2,2
3,2,2,3,2,3,2,3
3,2,3,3,3,3,3,3
4,4,4,4,4,4,4,4
2,1,2,2,2,1,1,1
4,4,3,4,3,4,4,3
1,1,1,1,1,1,1,1
2,2,2,2,1,2,1,1
4,2,2,3,2,3,3,2
2,1,2,2,2,2,2,2
2,2,2,1,1,1,1,1
2,1,2,2,1,2,1,1
3,2,3,3,2,3,2,2
2,2,2,2,3,2,2,2
1,1,1,1,1,1,1,1
2,2,2,2,2,2,2,2
2,1,2,1,1,1,1,1
2,1,2,3,1,2,2,2
2,1,2,3,1,2,1,1
3,1,2,3,1,1,1,1
4,3,4,4,3,4,3,3
2,1,1,1,1,1,1,1
2,2,1,1,2,2,1,2
2,2,1,1,2,1,3,3
3,1,2,2,1,2,1,1
4,2,3,2,2,3,2,2
3,3,3,3,3,3,3,3
2,1,1,2,2,2,2,1
3,2,2,3,2,3,2,2
1,1,1,1,1,1,1,1
3,1,1,1,1,1,1,1
4,1,3,3,2,3,2,2
3,3,3,3,2,3,3,3
2,3,3,3,2,2,3,2
3,1,4,3,1,3,1,2
3,3,2,3,2,3,3,3
3,2,3,3,2,3,2,2
4,2,3,4,2,3,4,3
999,999,999,999,999,999,999,999
2,2,2,2,2,2,3,3
4,3,4,4,3,4,4,2
3,2,3,3,2,3,2,2
3,1,1,1,1,1,1,1
4,2,3,3,2,3,2,2
3,3,2,3,2,2,3,3
3,1,2,3,1,2,1,1
2,3,2,2,3,3,2,2
4,3,3,3,3,3,3,3
3,1,2,3,1,2,1,1
4,1,1,3,1,3,1,1
3,3,3,4,3,4,4,2
3,1,2,2,2,3,2,2
2,1,2,2,2,2,1,2
4,2,3,3,2,4,2,3
3,4,3,4,3,3,3,3
3,2,2,2,3,3,3,3
3,3,3,3,3,3,3,3
2,2,3,2,1,1,2,2
3,3,3,4,2,3,3,2
3,3,3,2,3,3,3,3
4,3,3,4,3,4,4,2
3,2,3,4,2,3,1,2
2,1,1,1,1,1,2,2
4,4,4,4,4,4,4,4
3,2,3,3,2,3,2,2
3,2,3,3,2,3,2,2
2,1,2,3,1,3,1,1
3,3,3,3,3,3,3,3
4,3,4,4,3,3,3,3
1,1,1,1,1,1,1,2
2,2,3,3,3,3,2,2
3,2,3,3,2,3,2,2
3,2,1,1,2,1,1,1
3,2,2,3,2,1,4,2
2,1,2,2,1,2,2,1
3,2,2,2,2,3,3,3
2,1,2,2,1,2,2,1
2,2,2,2,2,2,2,2
3,2,3,3,3,3,3,2
3,2,2,2,3,2,2,2
4,2,2,3,2,2,2,2
4,2,3,4,1,4,1,3
4,2,4,4,2,3,3,2
2,2,2,2,2,2,2,2
3,3,3,4,3,3,3,3
4,1,3,4,1,1,1,1
4,2,3,4,2,3,3,3
4,1,4,4,1,2,3,2
4,2,2,4,2,3,4,2
3,2,3,3,2,3,2,2
2,2,2,2,3,2,3,2
3,3,3,3,1,3,1,2
3,2,3,3,2,2,3,3
2,2,2,2,2,2,2,2
2,2,2,2,2,2,2,2
999,999,999,999,999,999,999,999
3,2,3,3,2,3,3,2
3,3,3,4,3,3,3,2
3,3,3,3,2,2,2,1
4,4,4,4,4,4,4,4
2,1,1,1,1,1,2,1
3,2,2,2,2,2,3,2
3,2,3,3,2,3,3,3
2,2,3,3,3,3,2,2
3,2,3,4,2,3,1,1
3,2,3,3,2,3,2,2
3,3,2,3,3,2,3,3
3,1,4,3,1,3,1,2
3,1,2,2,2,3,3,1
2,2,2,2,2,2,2,2
3,2,3,3,2,2,3,2
2,3,2,2,3,3,3,2
2,1,2,2,1,2,3,2
3,1,3,4,1,2,1,2
4,3,4,4,4,4,4,4
2,2,2,2,2,2,2,2
3,1,2,2,1,2,1,1
3,3,3,3,3,3,3,3
2,1,2,1,1,2,1,1
3,3,2,3,3,3,3,2
4,3,4,4,3,4,3,3
4,3,3,4,3,4,4,3
2,2,2,2,2,2,2,2
4,3,4,4,4,4,4,3
2,2,2,2,2,2,3,2
3,3,3,3,2,3,2,2
1,1,1,1,1,1,1,1
2,2,2,2,2,2,2,2
4,3,2,4,3,2,1,1
2,1,1,2,1,2,1,1
2,2,2,2,2,2,2,2
3,3,3,3,3,3,3,3
1,2,2,1,3,2,1,2
4,2,3,4,2,3,2,1
2,2,2,2,2,2,2,2
1,1,2,2,2,2,1,2
3,2,3,2,2,3,2,2
3,1,1,1,1,1,3,1
2,2,2,2,2,2,2,2
3,2,3,3,2,3,2,2
3,2,2,3,2,2,2,2
2,1,1,2,1,1,1,1
3,2,2,4,2,2,2,2
2,2,3,3,2,2,2,2
3,3,3,3,3,3,3,3
3,1,2,2,1,2,1,1
3,2,2,2,2,2,2,2
2,1,2,3,2,2,1,1
3,2,3,3,2,3,2,2
3,2,3,3,3,3,2,2
3,2,3,4,2,3,2,2
1,1,1,1,1,1,1,1
4,1,3,2,1,1,1,1
2,2,3,3,1,2,1,1
3,2,3,3,2,2,3,3
4,3,3,3,3,3,3,3
3,2,3,4,1,3,3,2
2,1,2,2,1,2,1,2
2,2,2,3,2,2,3,2
4,2,4,3,1,3,1,1
2,1,1,1,1,1,1,1
3,3,3,3,3,3,2,3
999,999,999,999,999,999,999,999
3,1,2,3,2,3,1,1
3,2,2,2,1,2,2,2
3,1,3,3,1,2,1,1
2,1,1,2,1,1,1,1
3,2,3,3,2,3,2,1
3,2,3,3,2,2,3,2
4,3,2,3,4,2,3,3
3,2,3,3,2,3,2,2
3,2,3,3,2,3,3,3
3,1,3,3,2,2,2,2
2,1,2,2,1,1,1,1
2,2,3,3,2,3,3,2
4,2,4,4,2,4,1,1
4,1,4,4,2,4,2,3
1,1,1,1,1,1,1,1
1,1,1,1,1,1,1,1
3,2,3,3,2,3,2,1
3,1,2,1,1,1,1,1
4,2,3,3,2,3,2,2
4,2,4,3,2,3,2,2
4,2,4,4,2,4,2,2
4,2,2,3,2,3,2,2
2,2,1,2,2,2,2,2
3,2,3,3,2,3,2,1
3,2,1,4,1,3,2,3
4,2,4,4,3,3,3,2
4,2,4,4,2,4,4,3
4,3,4,4,3,4,3,3
3,2,3,3,2,3,2,2
3,2,3,1,2,1,3,2
4,1,3,3,1,2,3,2
2,1,3,1,1,2,1,2
3,2,3,3,2,3,3,2
3,1,2,2,1,2,1,1
3,3,4,4,2,4,3,3
1,1,1,1,1,1,1,1
3,3,2,3,3,3,3,2
2,1,2,2,1,2,1,1
3,2,3,3,2,3,2,2
4,1,2,3,1,3,2,1
2,2,2,2,2,2,2,2
2,2,2,2,2,2,2,2
3,2,2,2,2,2,2,2
3,2,2,2,3,2,3,3
999,999,999,999,999,999,999,999
3,1,2,2,1,2,1,1
4,3,4,4,4,4,4,3
4,1,4,4,2,3,1,1
3,3,4,4,3,4,4,2
2,2,3,3,3,3,3,3
3,2,3,3,2,3,2,2
4,2,3,3,2,4,3,3
3,3,3,3,3,3,3,3
2,3,2,2,2,2,3,2
3,3,2,2,2,2,2,2
4,2,3,4,2,3,2,2
2,2,2,2,2,2,2,2
2,2,2,2,1,1,1,2
2,2,3,3,2,2,2,2
3,3,3,3,3,3,3,2
2,1,2,2,2,3,2,2
3,2,3,4,2,3,2,2
4,4,4,4,4,4,4,4
2,1,1,1,1,1,1,1
3,2,3,3,2,3,2,2
4,2,4,4,2,4,3,2
4,3,4,4,3,4,3,3
4,3,4,4,4,4,4,2
2,2,2,2,2,2,2,2
1,3,2,3,4,2,4,4
2,3,4,4,2,3,3,2
2,2,1,1,2,2,2,2
2,2,2,2,1,1,1,1
2,1,2,3,2,3,2,2
3,2,2,2,1,2,1,1
3,1,4,3,2,2,2,2
2,1,1,1,1,1,1,1
4,3,3,3,3,3,2,2
3,3,4,4,4,4,4,4
3,3,2,2,3,2,3,2
3,2,2,2,2,2,2,2
3,2,2,2,2,2,2,2
3,2,2,3,2,3,2,2
3,2,3,3,2,3,2,2
3,2,4,3,1,2,2,1
3,3,2,2,3,2,2,3
2,2,3,3,2,2,2,2
4,2,2,3,2,3,2,1
2,2,3,2,1,2,2,1
4,2,3,3,1,3,3,1
4,2,1,3,1,3,2,1
3,1,1,1,1,1,3,1
3,1,2,1,1,1,1,1
3,2,3,3,2,3,3,2
2,1,1,1,3,1,1,1
3,1,2,3,2,2,2,1
3,2,2,3,2,3,2,2
2,3,1,4,3,2,1,2
2,2,2,2,2,2,2,2
2,2,3,3,3,3,2,2
4,1,3,3,1,3,1,1
2,2,2,2,2,2,2,2
2,2,2,1,2,1,2,2
2,1,1,1,1,1,1,1
3,1,1,999,2,999,999,999
3,2,3,3,2,3,1,1
4,3,4,4,4,4,2,2
3,2,4,4,2,3,4,2
3,2,4,2,2,2,3,3
4,4,2,4,4,1,1,1
2,2,3,2,2,2,2,2
2,3,3,3,2,3,3,2
4,2,3,3,2,3,2,2
3,2,3,3,2,3,2,2
3,2,3,4,3,3,2,2
4,2,3,3,1,2,2,2
4,2,4,4,2,4,2,2
3,2,3,4,2,3,3,2
4,2,4,4,1,3,2,1
3,2,3,3,2,2,2,2
3,2,3,3,2,3,3,3
3,1,4,4,1,3,1,2
3,2,3,3,2,3,4,2
4,2,4,4,2,4,2,2
2,1,3,3,1,3,1,1
4,2,4,4,2,4,2,2
3,2,2,2,2,2,2,2
3,2,3,3,3,3,3,3
4,4,4,4,4,4,4,4
3,2,2,2,1,1,1,1
2,2,2,2,2,2,2,2
2,3,2,2,2,3,2,2
4,2,4,4,4,4,2,2
4,3,3,4,4,4,4,4
2,1,1,3,1,2,1,1
3,2,4,3,3,3,3,3
2,1,2,2,1,2,1,1
2,2,3,3,2,2,2,2
3,2,3,3,2,2,3,2
2,1,1,1,1,1,1,1
3,2,3,3,2,3,2,2
3,2,2,2,2,2,2,1
3,2,3,3,1,3,2,2
3,2,2,2,2,1,3,2
2,2,3,3,2,2,2,3
2,2,2,2,2,2,2,2
2,2,2,2,2,2,2,2
3,2,3,3,2,3,2,2
3,2,3,3,2,2,3,2
4,2,3,3,2,3,3,2
2,2,2,2,2,2,2,2
3,2,3,3,2,3,3,3
2,2,2,2,1,2,1,1
3,2,4,4,3,4,2,2
3,2,3,3,2,3,2,2
2,1,2,2,1,2,1,1
3,2,2,4,2,3,2,2
3,1,2,3,2,3,2,2
3,2,3,3,2,3,3,2
2,1,2,2,1,1,1,1
1,1,1,1,1,1,1,1
3,1,3,3,1,3,1,1
4,1,2,3,1,2,1,1
3,2,3,3,2,3,1,1
4,2,2,2,2,2,1,1
3,2,3,2,3,3,2,2
3,1,2,2,1,2,1,1
3,2,3,3,3,3,3,3
3,2,3,3,3,3,3,3
3,1,2,2,1,1,1,2
3,2,3,3,2,3,2,3
3,1,3,3,1,3,3,1
2,1,3,3,1,2,1,1
3,2,2,3,2,3,2,2
3,2,4,4,3,4,3,2
4,2,3,4,1,3,2,1
3,3,3,3,3,3,3,3
1,1,1,1,1,1,1,1
2,1,2,2,1,2,1,1
3,2,2,2,2,3,3,2
2,1,3,4,2,2,1,1
4,3,2,1,1,2,2,1
2,1,2,2,1,2,2,1
2,1,2,1,1,2,1,1
3,2,3,3,2,3,2,3
1,1,1,1,1,1,1,1
4,4,4,4,1,2,2,2
3,3,3,3,3,3,3,3
3,2,3,3,2,3,3,2
2,1,1,1,1,1,1,1
3,1,3,3,1,3,1,1
2,2,2,3,2,3,2,2
2,2,2,3,3,3,2,3
3,3,3,3,2,3,2,2
4,3,4,4,3,4,4,4
4,4,3,4,3,4,4,4
4,3,4,4,3,4,4,3
3,2,3,3,2,2,3,2
2,1,2,2,2,3,2,2
3,3,3,3,2,3,3,2
3,1,3,3,1,3,1,1
4,2,3,3,2,3,2,2
3,2,3,3,2,3,2,2
1,1,1,1,1,1,1,1
4,4,4,4,2,4,4,4
4,2,4,3,999,2,1,1
4,2,4,4,2,4,2,2
3,2,2,3,1,2,1,3
2,1,2,2,1,2,1,1
3,2,2,2,2,2,2,2
3,2,2,3,2,3,3,2
3,2,3,3,2,3,3,2
4,2,3,4,2,4,2,2
1,1,1,1,1,1,1,1
3,3,3,4,4,4,4,4
2,2,2,1,2,1,1,3
3,2,3,3,2,2,2,2
3,1,3,3,1,3,2,1
2,1,3,2,1,2,1,1
2,2,2,2,2,2,2,2
3,1,2,3,1,3,2,1
1,1,2,1,1,1,1,1
1,1,1,1,2,2,1,1
2,1,2,2,1,1,2,1
2,2,2,2,2,2,2,2
3,2,3,3,2,3,2,2
2,1,1,1,1,1,1,1
4,2,2,4,2,3,2,2
3,3,3,3,3,2,2,2
999,999,999,999,999,999,999,999
3,2,3,3,2,2,2,2
3,3,2,2,3,3,3,3
3,2,3,3,2,3,2,2
3,4,4,3,4,3,3,3
2,2,1,3,2,3,1,1
2,3,2,2,2,2,3,3
3,2,2,2,3,3,3,4
3,3,2,3,3,2,3,2
3,2,2,3,2,3,3,3
2,1,1,1,1,1,2,3
3,2,2,3,2,2,2,2
4,1,4,4,4,4,4,4
3,2,2,3,2,2,2,2
2,1,2,2,1,2,1,1
2,1,2,3,2,2,1,1
2,2,2,2,2,2,3,3
1,1,1,1,1,1,1,1
3,2,2,3,2,2,2,2
3,3,3,3,2,3,3,2
3,2,3,3,2,3,2,2
2,2,2,2,2,2,2,2
3,2,3,3,2,3,2,2
2,1,1,1,1,2,1,1
3,3,3,3,3,3,3,3
2,1,2,2,3,2,2,2
2,1,3,3,1,1,1,1
3,1,1,3,1,1,1,1
3,3,2,1,3,4,2,1
3,2,2,3,2,3,2,2
3,1,3,3,1,3,1,2
3,2,3,3,3,3,3,2
3,2,3,4,2,4,2,2
3,1,2,2,1,3,1,1
3,3,2,3,3,3,3,2
3,2,2,2,2,2,2,2
3,3,3,3,2,1,2,1
4,2,3,3,2,3,2,2
3,2,3,3,2,3,2,2
3,2,3,3,3,2,2,3
3,2,3,4,2,3,2,2
2,1,2,3,2,2,2,2
2,1,2,1,2,2,3,2
4,1,4,4,1,4,1,1
2,2,2,3,2,2,2,2
3,2,3,3,2,4,4,4
3,2,3,3,2,3,2,2
2,1,1,1,1,1,1,1
3,2,3,3,2,3,2,2
3,3,3,3,2,3,3,3
4,3,4,4,2,4,2,2
2,1,1,1,1,2,1,1
1,3,1,1,3,2,3,3
2,2,2,1,2,2,3,2
3,2,3,3,2,2,2,2
4,2,3,4,3,4,3,3
2,2,2,2,2,2,2,2
3,2,2,3,2,2,2,2
3,2,3,3,2,3,2,2
3,2,3,3,1,3,2,2
2,2,3,3,2,2,2,2
3,2,2,3,3,3,3,2
2,2,2,2,2,2,2,2
3,2,2,2,2,2,1,1
2,3,3,3,3,3,3,2
999,999,999,999,999,999,999,2
2,2,2,2,2,2,3,2
3,2,1,2,1,2,1,1
3,1,1,1,2,2,2,3
3,1,3,3,1,2,2,2
2,2,3,3,2,3,2,2
2,2,2,2,1,2,1,1
3,2,3,3,2,3,2,2
4,2,3,3,1,3,1,2
4,1,3,4,1,3,2,1
3,2,3,3,2,3,3,3
1,1,1,1,1,1,1,1
4,3,4,4,3,4,3,3
2,2,2,2,2,2,2,2
4,3,4,4,4,4,4,4
2,1,1,1,1,1,1,1
4,3,4,4,2,4,3,3
4,3,4,4,3,3,3,3
3,2,3,3,3,3,2,2
4,1,4,4,1,4,2,1
4,3,4,4,3,4,3,3
3,2,4,4,2,3,2,2
3,2,3,3,2,3,2,2
4,3,4,4,2,4,3,2
3,1,3,2,1,2,1,1
3,3,3,4,2,3,3,2
3,2,3,3,2,3,2,2
3,2,3,3,2,3,1,1
2,2,3,4,1,2,1,1
1,2,2,1,2,1,2,3
3,2,2,3,3,3,3,2
1,1,1,1,1,2,1,1
2,2,2,2,1,2,2,2
2,1,2,2,2,2,2,2
2,1,2,2,1,2,1,1
3,4,2,3,4,3,3,3
4,2,2,2,2,3,3,2
2,2,3,3,1,2,1,1
3,2,2,3,3,3,2,3
2,1,2,2,2,1,1,1
3,2,3,3,2,2,2,2
3,1,2,3,1,3,1,1
1,1,1,1,1,1,1,1
3,2,2,2,2,2,2,2
3,2,4,4,2,3,2,2
3,1,3,3,2,2,1,1
4,4,4,4,4,4,4,4
3,2,3,3,3,4,2,2
3,2,4,4,2,4,2,2
4,2,3,3,2,3,2,2
3,2,3,3,2,3,2,3
3,2,3,3,2,3,2,2
2,1,3,3,1,2,1,1
4,1,3,3,1,1,1,1
2,2,3,2,3,2,2,2
3,2,3,4,2,3,2,3
4,3,4,4,4,4,4,4
2,2,2,2,2,3,2,2
4,3,3,3,3,3,3,3
3,1,1,1,2,2,2,2
2,2,2,3,2,2,2,2
3,2,2,3,2,3,2,2
1,3,1,3,1,2,4,4
2,3,4,3,2,4,2,1
2,1,2,2,1,2,1,2
3,2,3,2,2,3,2,2
2,1,2,2,2,2,2,2
3,1,1,3,1,2,1,1
3,1,2,3,1,2,1,1
3,2,2,1,1,1,2,2
3,2,3,3,2,3,3,2
4,2,3,4,1,4,3,2
3,2,3,3,2,3,2,2
3,1,3,3,1,2,1,1
3,2,3,3,3,3,3,3
3,3,3,3,3,3,3,2
3,2,3,3,2,2,2,2
3,1,3,3,2,3,2,1
4,4,4,4,2,4,4,2
3,1,1,1,1,1,1,1
4,3,4,4,4,4,4,4
1,2,1,1,1,1,1,1
2,1,1,1,1,1,1,1
4,2,3,3,3,3,2,2
4,1,2,3,2,2,2,2
1,999,999,999,999,999,999,999
3,2,3,3,2,3,2,2
3,3,4,4,3,3,4,2
4,2,2,3,2,3,2,2
4,2,4,4,2,3,2,2
3,2,2,3,2,3,3,3
3,2,1,1,2,1,2,1
2,2,2,2,2,2,2,2
2,1,3,1,1,1,1,1
4,2,3,4,2,4,2,2
3,3,4,4,1,3,3,1
3,2,1,2,1,1,1,1
3,2,3,3,2,3,2,2
4,4,4,4,4,4,4,4
3,2,3,3,2,3,2,3
1,1,2,1,1,1,2,2
3,1,3,2,2,2,2,2
1,1,1,1,1,1,1,1
4,2,3,4,2,4,2,2
3,2,2,999,2,3,2,3
3,2,3,3,2,3,2,2
3,2,3,3,3,3,3,3
1,2,2,2,2,2,1,1
4,3,4,4,4,4,4,4
2,2,3,3,2,3,3,2
3,2,3,4,3,3,3,4
3,1,3,4,2,3,1,2
3,3,2,2,2,2,2,2
3,3,3,3,2,4,3,3
3,2,2,999,2,3,2,999
3,2,2,3,1,2,1,1
4,3,4,4,4,4,4,4
2,2,2,2,2,2,2,2
3,2,2,2,2,2,2,2
2,2,2,2,2,2,999,2
3,2,3,1,2,3,2,2
2,2,2,2,2,2,2,2
4,2,4,4,2,4,2,2
3,3,3,3,3,3,3,3
3,2,3,3,2,2,2,2
4,2,4,4,2,4,2,2
3,2,3,4,2,3,2,2
3,1,2,1,1,1,1,3
999,999,999,999,999,999,999,999
3,2,4,4,2,3,2,2
3,3,3,3,2,3,2,2
3,2,3,3,2,3,2,2
3,2,3,3,2,3,2,2
3,1,1,1,1,1,1,1
3,2,3,3,2,3,2,2
4,2,3,4,2,4,3,2
3,2,3,4,2,3,2,3
4,2,4,3,2,3,2,2
4,2,3,4,2,4,2,2
3,2,2,3,2,2,1,1
2,1,2,2,1,2,1,1
4,2,4,4,3,4,3,2
1,1,1,2,1,2,1,1
3,2,2,2,2,2,2,2
3,1,2,2,2,2,2,2
4,2,3,1,2,2,2,2
3,2,3,3,2,3,2,2
2,2,1,1,1,1,1,1
2,1,2,2,1,2,1,1
2,1,2,1,2,1,1,1
4,2,3,4,2,4,2,2
3,2,2,999,2,2,2,2
2,1,2,2,1,1,1,1
2,2,2,2,2,2,2,2
3,2,3,3,2,2,3,2
1,2,1,2,2,1,1,1
4,3,2,3,2,2,3,1
3,2,3,3,2,3,2,2
2,1,3,3,2,3,2,2
3,1,2,4,2,3,2,2
4,4,4,4,4,4,4,2
2,2,2,2,2,2,2,2
4,2,2,3,2,3,2,1
4,3,3,4,2,3,3,2
4,2,4,4,2,4,3,3
2,2,2,3,2,3,1,1
3,1,2,3,2,2,2,2
4,2,4,4,2,3,2,2
3,2,2,2,2,2,2,2
3,2,2,3,2,2,3,3
2,2,2,2,1,2,1,2
3,2,3,3,2,3,3,3
2,1,1,2,1,1,1,2
4,2,4,4,1,1,1,1
3,2,4,4,3,4,4,3
3,2,3,2,2,3,2,2
2,2,3,3,2,2,2,2
4,3,4,4,3,4,3,3
2,1,2,3,1,2,1,1
2,2,3,3,3,3,2,2
2,1,2,4,1,2,1,1
2,1,2,2,1,1,1,1
3,2,4,4,2,3,3,3
3,3,3,3,2,3,3,2
3,1,3,3,2,3,2,2
3,2,3,3,2,2,3,2
4,3,3,4,3,2,3,3
2,1,3,2,1,1,1,1
4,3,4,4,3,4,4,4
2,1,2,2,1,2,2,2
3,3,4,4,4,4,3,2
2,1,2,3,1,2,2,2
2,4,2,2,4,2,4,4
3,2,2,3,2,3,3,2
2,2,2,2,2,2,2,2
3,2,3,2,2,2,2,2
3,1,2,3,1,2,2,1
4,2,4,4,2,4,3,2
3,2,3,3,2,3,2,2
2,2,3,3,2,3,2,2
3,3,4,4,3,2,3,3
3,1,3,4,1,2,3,2
2,2,2,2,2,2,2,2
3,2,3,2,3,3,2,2
2,1,1,3,2,1,1,1
3,2,2,2,2,3,3,2
2,1,1,1,1,2,2,1
3,2,3,3,2,3,2,2
4,2,4,4,3,4,2,2
3,2,3,3,2,3,3,2
2,2,3,3,2,3,2,2
4,3,4,4,3,4,3,3
3,1,3,3,1,3,1,1
3,2,3,3,2,3,2,2
3,2,3,2,2,3,2,2
1,1,1,1,1,1,1,1
3,1,3,3,1,3,1,1
1,1,1,1,1,1,3,2
4,1,3,4,1,3,1,1
4,1,3,4,2,2,2,2
3,2,3,3,2,3,2,2
3,3,3,3,3,3,3,2
3,2,3,3,2,3,2,2
2,1,2,3,2,2,1,1
2,1,1,1,1,1,1,1
2,2,1,1,2,2,2,2
999,999,999,999,999,999,999,999
4,3,4,4,3,4,3,4
1,1,1,1,1,1,1,1
2,2,2,2,2,2,2,2
3,3,2,2,3,2,3,3
3,1,4,4,2,3,2,2
2,3,3,3,3,3,3,2
2,2,2,3,1,3,2,3
4,2,4,4,1,4,2,2
3,2,3,3,2,3,2,2
3,2,3,3,3,3,3,3
2,2,2,3,2,2,2,2
3,2,3,3,2,3,3,2
3,2,3,3,2,3,2,3
4,4,3,4,4,3,4,4
2,2,1,1,2,2,1,2
2,2,2,2,2,2,3,2
2,1,1,1,2,2,1,1
3,1,4,3,2,3,2,1
4,2,3,2,2,3,3,3
2,2,4,2,2,3,2,2
4,2,3,3,2,3,3,2
4,2,2,3,2,2,2,2
3,2,3,3,2,3,1,1
4,2,4,4,2,3,3,3
3,2,3,4,2,3,3,2
2,1,2,2,1,2,1,1
2,1,2,2,2,2,2,1
3,2,3,3,2,2,2,2
2,2,2,2,2,2,2,2
3,2,2,3,2,2,2,2
1,1,1,1,1,1,1,1
2,1,2,2,1,1,2,1
4,2,4,4,3,3,3,2
4,2,3,4,2,3,2,2
4,1,4,4,2,3,2,2
2,2,1,1,2,2,3,1
4,2,4,4,2,3,2,2
2,2,2,2,2,2,2,2
3,1,1,2,1,1,1,1
4,1,2,3,1,999,2,2
4,4,4,4,4,4,4,4
2,2,2,2,2,2,2,2
4,2,3,3,3,3,2,2
2,2,3,3,2,3,2,2
3,1,3,3,1,2,2,1
2,2,2,1,2,2,2,2
4,3,4,4,4,4,4,4
3,1,1,2,1,2,1,2
3,2,3,3,2,2,2,2
2,2,1,1,2,1,2,2
3,1,2,1,1,1,1,1
3,2,3,3,2,2,1,2
3,3,3,3,2,3,3,3
2,1,2,3,1,2,3,3
3,3,4,4,1,3,2,1
2,1,1,1,1,1,1,1
2,2,2,2,2,2,2,2
1,1,1,1,1,1,1,1
3,2,3,3,2,3,2,2
3,3,3,3,2,3,2,2
1,2,1,2,2,2,2,2
3,2,3,3,3,2,2,2
4,1,1,1,1,1,1,1
3,2,3,3,2,3,2,2
3,1,2,2,2,2,1,1
2,1,3,2,1,2,1,1
2,1,1,1,1,1,1,1
3,2,3,3,2,3,2,2
2,2,3,2,2,2,3,2
3,999,999,3,2,3,999,999
4,3,3,3,3,3,3,2
1,1,1,1,1,1,1,1
4,3,3,3,3,3,3,999
2,2,2,1,2,2,1,1
3,1,3,3,2,3,1,1
2,2,3,4,3,2,2,2
1,2,1,2,2,2,2,2
1,2,2,2,2,2,2,2
1,1,2,2,1,2,2,1
1,1,1,1,1,1,2,3
4,1,1,1,1,1,1,1
3,2,3,3,2,3,2,2
3,1,1,1,1,1,1,2
3,2,4,4,2,4,2,2
2,1,1,1,1,1,1,1
999,999,999,999,999,999,999,999
3,1,3,3,2,2,1,1
3,2,3,3,2,2,1,1
3,2,2,3,2,2,2,2
3,2,4,4,2,4,2,2
3,3,3,3,999,999,999,999
3,2,2,2,2,3,2,2
3,2,4,3,2,2,1,1
4,2,2,3,2,3,2,2
4,1,3,4,1,4,1,1
4,4,4,4,2,4,4,2
3,2,3,3,2,3,2,2
2,1,1,1,1,1,2,1
2,2,2,2,2,2,2,2
2,3,1,1,1,1,1,2
2,2,2,2,2,2,2,2
3,4,4,4,4,4,4,4
3,2,3,3,2,3,4,3
4,2,4,4,2,3,2,2
3,2,3,4,3,3,2,2
4,2,3,4,2,4,2,2
4,4,4,4,4,4,4,999
3,2,3,3,2,3,2,2
2,1,1,2,1,1,1,1
1,2,2,2,3,2,3,3
3,2,3,3,2,3,2,2
1,2,2,2,2,2,2,1
2,1,1,2,1,2,1,1
2,1,2,3,1,2,1,1
2,2,2,2,2,2,2,2
3,1,3,3,1,2,1,1
2,2,3,2,1,1,2,2
2,2,2,3,3,2,2,2
999,2,999,2,999,999,2,999
3,1,3,4,1,4,1,2
3,1,2,4,1,2,1,1
3,2,2,3,2,2,2,2
2,1,2,2,1,2,1,1
2,1,2,2,2,2,1,1
4,2,4,4,2,4,4,2
3,1,4,4,4,2,1,1
3,2,3,3,2,3,2,2
2,1,2,2,1,1,1,1
1,1,1,1,1,1,1,1
4,2,3,3,2,3,3,2
1,1,1,1,1,1,1,1
1,1,1,1,1,1,1,1
3,3,3,3,2,2,2,2
2,1,2,2,1,2,1,1
3,2,2,2,2,2,2,2
3,2,4,3,3,3,3,3
2,2,2,2,2,2,1,1
2,2,2,2,2,2,2,2
2,2,3,2,2,2,2,2
1,1,1,1,1,1,1,1
3,1,2,3,1,2,1,1
1,1,1,1,1,1,1,1
3,1,2,2,1,2,1,1
2,2,2,2,2,2,2,2
4,2,3,2,2,3,2,3
2,2,3,2,1,1,1,2
3,1,1,1,1,1,1,2
2,2,2,3,1,2,1,1
1,2,1,1,1,1,1,1
2,2,2,2,2,2,2,2
4,2,3,3,2,3,3,2
2,2,1,2,1,1,2,1
4,2,4,4,2,3,1,2
2,2,3,3,2,2,2,2
1,1,1,1,1,1,1,1
2,2,2,2,2,2,2,2
2,2,2,2,1,2,1,2
3,3,3,3,2,2,2,3
3,2,2,1,1,1,1,1
2,1,1,1,1,1,1,1
2,2,3,3,4,2,2,2
3,2,2,4,2,3,2,2
4,4,4,4,4,4,4,4
3,1,1,2,1,2,2,1
2,1,2,2,2,2,2,2
2,1,1,2,1,1,1,1
3,2,3,2,2,3,3,2
4,2,4,4,3,4,1,4
3,2,2,3,2,2,2,2
2,2,2,2,1,2,2,1
1,2,1,1,1,2,2,2
3,2,2,2,2,2,2,2
2,2,3,3,2,3,2,2
2,1,2,2,1,2,1,1
3,2,3,3,2,2,2,2
1,3,2,1,3,2,2,1
2,2,2,2,2,2,2,2
2,2,2,2,2,2,2,2
2,2,2,2,2,2,2,2
1,1,1,1,1,1,2,2
3,1,1,1,2,3,1,1
1,2,2,2,2,2,2,2
4,2,2,2,2,3,3,3
2,1,2,2,2,2,2,1
3,2,3,3,2,3,3,3
2,1,2,2,1,1,2,2
2,2,2,2,2,2,2,2
3,2,3,3,2,3,2,2
2,2,4,3,2,2,2,3
3,2,3,3,2,3,2,2
3,1,2,2,1,1,1,1
2,1,2,2,2,2,2,2
2,2,3,2,2,2,2,2
2,2,2,2,2,2,1,1
2,2,2,2,2,2,2,2
3,2,3,3,2,2,2,2
3,3,3,3,2,2,2,3
4,4,4,4,4,4,4,4
3,2,3,3,2,2,2,2
2,1,1,1,1,1,1,1
3,2,3,3,2,3,2,2
4,2,4,4,4,4,2,2
3,1,3,2,1,2,1,1
2,1,2,3,2,2,2,1
3,2,3,3,2,2,2,2
3,1,2,2,1,2,2,2
3,2,3,3,3,3,2,3
3,2,3,3,3,3,2,2
3,2,2,3,3,3,2,1
3,2,3,3,1,3,1,1
3,2,3,3,2,2,2,2
3,2,3,3,2,3,3,3
3,2,3,3,2,3,2,2
3,2,3,3,2,3,3,2
3,2,3,3,1,3,1,1
2,2,2,2,2,2,2,2
4,3,4,4,3,4,4,4
4,3,4,4,4,4,4,4
4,3,4,4,2,3,2,1
2,1,1,1,1,1,1,1
1,1,1,1,1,2,1,1
3,2,2,3,2,3,3,1
2,1,2,2,1,2,2,1
2,2,2,2,2,2,2,2
3,4,3,4,4,3,4,4
3,2,3,3,2,3,2,2
2,2,2,1,1,1,1,1
2,1,2,3,2,2,2,1
1,1,1,1,1,1,3,2
3,2,2,3,2,2,2,2
4,3,4,4,4,4,4,4
4,1,4,4,2,999,999,999
3,2,2,3,2,2,2,2
2,2,2,2,2,2,2,2
999,999,999,999,999,999,999,999
3,2,3,3,2,3,3,1
4,2,4,4,1,2,3,1
3,2,2,3,2,3,2,2
2,1,1,2,1,2,1,2
3,1,1,2,1,1,1,1
3,1,4,4,2,3,2,1
3,3,3,3,3,3,3,2
4,2,4,4,2,4,3,4
3,3,3,3,3,3,3,3
2,1,2,2,1,2,1,1
4,4,4,4,4,4,4,4
4,2,3,4,2,3,2,2
4,4,3,4,4,4,4,4
4,2,3,4,3,3,2,3
1,1,1,1,1,1,1,2
3,2,3,3,2,3,2,2
3,1,3,3,2,2,2,3
3,1,3,3,1,2,2,1
3,2,3,4,2,4,3,3
3,2,2,4,2,2,3,2
1,1,1,1,1,1,1,1
3,2,3,3,1,2,1,1
3,2,3,3,2,3,3,3
3,2,3,3,2,3,3,3
3,1,2,2,1,2,1,1
3,2,3,3,2,3,3,3
2,2,2,2,2,2,2,2
1,1,1,1,1,1,1,1
2,2,3,3,2,2,2,2
2,1,2,3,1,2,2,1
2,2,2,3,2,2,1,1
4,4,4,4,4,4,4,2
4,1,2,3,2,2,2,2
1,1,1,1,1,1,1,1
4,2,4,4,1,3,1,2
1,1,1,1,1,1,1,1
1,1,1,1,1,1,1,1
2,2,2,2,1,2,1,1
4,1,4,4,1,4,3,3
3,3,3,3,3,3,3,3
3,2,2,2,2,3,2,3
3,2,2,3,2,2,2,2
3,1,2,3,1,2,1,1
1,2,3,2,2,2,3,3
4,2,3,3,2,3,2,2
4,2,2,4,3,3,2,3
3,1,2,3,1,3,2,1
4,3,4,4,3,3,3,3
1,1,1,1,1,1,1,1
4,3,4,4,4,4,4,3
3,1,2,3,1,2,2,1
2,2,2,2,1,2,1,1
3,3,3,3,3,3,3,3
4,3,3,4,4,4,4,4
1,1,1,1,1,1,2,1
4,4,4,4,4,4,4,4
4,2,3,3,2,3,2,2
3,2,3,3,1,3,2,1
1,1,1,1,1,1,1,3
2,2,3,3,2,2,3,2
1,1,1,1,1,1,1,1
3,3,4,4,2,4,2,3
3,2,2,2,2,2,3,2
2,1,2,2,2,2,2,1
4,2,4,4,2,4,2,2
3,2,3,3,2,3,2,2
3,2,3,4,2,3,2,4
2,2,3,3,2,3,3,2
3,2,3,2,2,3,2,2
3,2,3,3,2,3,2,2
3,3,4,4,3,3,3,2
1,2,1,2,3,4,3,3
3,2,4,3,2,3,3,3
3,2,3,3,2,3,2,2
4,3,4,4,4,4,4,4
4,2,4,4,4,4,2,2
2,1,1,2,1,1,1,1
2,1,3,3,2,3,3,1
2,2,3,3,2,2,2,2
2,2,2,2,2,2,2,2
1,1,1,1,1,1,1,1
3,3,3,3,3,3,3,3
4,2,4,4,3,4,3,2
2,1,2,3,1,3,1,2
2,2,2,3,2,3,2,2
2,2,2,2,2,3,2,2
3,2,2,2,2,2,2,2
4,3,2,3,2,2,3,3
3,1,2,3,1,2,1,1
2,2,2,2,2,2,2,2
2,2,2,2,2,2,2,2
2,3,2,1,2,1,3,2
2,1,1,1,1,1,1,1
2,2,2,3,2,2,2,1
1,2,2,1,2,2,2,2
3,2,2,2,2,2,4,3
4,4,4,4,4,4,4,4
2,2,2,2,2,2,2,2
3,2,3,3,2,3,2,3
3,2,3,4,3,3,3,3
3,1,3,3,2,2,1,1
4,3,4,4,3,3,3,2
3,3,3,3,3,3,3,2
3,1,2,3,2,2,2,2
1,1,1,1,1,1,1,1
2,1,2,2,1,2,1,1
3,2,3,3,3,3,3,3
3,2,3,3,2,2,2,2
3,2,3,2,2,3,2,2
4,1,2,3,1,2,1,1
1,1,1,1,1,1,1,1
4,4,4,4,4,4,4,4
3,3,4,4,3,3,3,2
2,2,2,2,1,2,2,2
3,2,3,3,1,2,1,1
3,2,1,1,1,1,1,1
2,2,2,2,2,2,2,2
3,1,3,1,2,3,3,1
1,1,3,1,1,1,1,1
3,3,3,3,3,3,3,2
1,1,2,1,1,1,1,1
3,2,3,3,2,2,2,2
3,4,3,4,3,3,4,2
4,3,4,4,2,2,3,2
2,1,3,3,1,1,1,1
4,2,4,4,2,4,3,3
4,2,4,4,3,3,2,1
2,2,3,3,3,3,3,3
2,1,1,2,1,2,1,1
3,2,2,2,2,2,2,2
4,4,4,4,3,4,4,4
4,1,3,3,1,3,3,1
4,2,3,4,3,3,2,2
3,2,4,4,2,3,2,2
3,2,3,3,3,2,2,2
2,2,3,3,2,3,3,2
2,2,2,2,2,2,2,2
2,2,2,2,2,2,2,2
3,2,3,3,2,2,2,2
4,2,4,3,4,4,2,2
3,1,3,3,1,2,2,2
3,1,3,3,2,3,1,2
3,3,3,3,3,3,3,3
3,2,3,3,2,3,2,3
4,2,4,3,3,3,2,2
3,3,4,4,3,4,4,3
2,2,2,2,2,2,2,2
3,1,3,3,1,3,3,2
2,2,2,2,2,2,2,2
3,3,3,3,3,3,3,3
2,2,2,2,2,2,2,2
2,1,999,999,1,999,999,1
3,3,2,2,2,3,3,2
3,1,3,3,1,3,1,1
3,2,3,3,2,3,2,2
3,2,3,4,1,3,1,1
2,1,1,1,1,1,1,1
3,1,2,2,1,2,1,1
3,3,3,3,3,3,3,3
1,2,1,2,2,2,1,1
3,2,2,3,2,2,2,2
2,1,2,3,2,2,1,1
4,3,4,2,4,2,1,1
2,1,2,1,1,1,1,1
2,2,2,2,2,2,2,2
3,3,3,3,2,3,2,2
4,3,4,4,3,4,4,3
1,1,2,1,1,1,1,1
4,2,4,4,4,4,4,2
3,3,3,3,3,3,3,2
2,3,1,1,2,1,3,1
2,1,2,2,1,2,2,1
3,2,2,3,3,2,2,2
2,1,2,2,2,2,1,1
3,2,2,3,1,1,1,2
3,2,3,3,2,3,3,2
3,1,2,3,1,2,1,1
4,2,4,4,3,4,3,3
3,2,3,3,2,3,3,2
3,2,3,3,3,3,3,3
3,2,3,3,2,2,3,1
4,3,4,3,3,3,3,2
3,2,3,3,2,2,3,2
3,2,3,3,2,3,2,2
2,2,2,3,2,2,2,3
4,2,4,4,2,3,3,2
3,3,3,3,3,3,3,3
2,2,2,2,2,2,2,2
4,3,4,3,4,4,4,2
2,2,2,1,3,2,2,2
1,1,1,1,1,1,1,1
1,2,2,2,2,2,3,2
3,2,3,3,2,3,3,3
3,4,3,3,3,4,4,4
4,3,4,4,2,4,3,3
3,2,4,4,2,4,2,3
3,2,2,2,2,2,3,3
2,1,2,1,2,1,2,1
2,1,1,2,1,1,1,1
4,2,4,4,2,4,2,2
999,2,3,999,999,999,2,999
2,1,3,2,2,2,1,1
3,1,3,3,1,2,1,1
3,2,3,3,2,3,2,2
2,3,2,2,3,2,3,3
2,2,3,2,2,2,2,2
3,3,3,3,3,3,3,2
3,1,2,3,1,3,1,2
4,2,3,4,2,3,3,3
3,1,1,2,1,1,3,3
4,2,3,3,1,3,2,2
2,2,3,3,1,3,1,2
3,2,3,3,2,3,2,2
3,2,3,3,2,3,2,2
4,3,4,4,4,4,4,3
4,3,4,4,4,4,2,2
3,1,1,2,1,3,1,1
4,1,4,4,2,2,2,2
3,1,3,3,1,3,1,1
4,2,4,4,2,4,3,2
3,1,2,2,2,2,1,2
3,3,3,3,3,3,3,3
3,2,3,3,2,3,2,2
3,3,3,3,3,3,3,3
3,1,3,4,1,3,1,2
2,2,2,2,2,2,1,1
3,1,2,3,2,4,2,3
2,2,4,4,2,4,1,1
2,1,1,2,1,2,1,2
2,2,3,3,2,2,3,3
4,2,3,4,3,3,3,2
3,3,3,3,2,3,2,2
3,3,3,3,3,3,1,1
2,2,4,4,2,3,1,1
2,2,3,3,1,2,1,1
4,2,4,4,2,4,4,3
3,3,3,3,2,2,4,3
3,3,3,4,2,3,3,2
4,4,4,4,4,4,4,4
3,1,3,3,1,3,1,1
3,2,3,4,2,3,2,2
2,2,3,3,2,3,1,1
3,2,2,2,2,2,2,2
3,2,3,3,2,3,2,2
2,2,2,2,2,2,2,2
3,1,1,1,1,2,1,1
3,3,4,3,2,3,2,2
3,2,3,3,3,3,2,2
4,1,4,4,1,4,1,1
3,1,3,3,1,2,1,1
3,3,4,4,4,4,1,2
3,3,3,3,2,3,3,3
1,1,1,1,1,1,1,1
3,2,3,3,3,3,3,2
3,2,3,3,2,3,2,2
3,2,3,3,2,2,2,2
3,2,4,4,3,2,2,2
2,2,3,3,2,2,2,2
4,2,4,4,2,4,3,3
3,2,2,1,1,2,1,3
3,2,3,3,2,3,2,3
3,3,3,3,3,3,3,3
1,1,1,1,1,1,1,1
4,1,4,4,1,4,1,1
4,999,4,4,4,4,4,4
4,4,3,3,2,4,4,3
4,1,2,1,1,1,999,999
2,1,2,2,1,2,2,1
3,2,3,3,1,3,2,2
3,2,3,3,2,3,3,3
3,3,3,3,3,3,3,3
4,4,4,4,3,2,3,2
3,2,3,3,1,3,1,1
3,3,3,3,3,3,3,3
3,1,3,3,1,3,2,1
3,3,4,4,4,3,4,4
4,4,4,4,4,4,4,4
4,2,4,4,2,4,2,2
3,1,1,3,1,1,2,1
1,2,1,2,2,1,3,3
4,3,3,4,2,4,3,2
3,2,3,3,2,2,2,2
4,3,3,3,3,3,3,3
3,3,3,3,3,3,3,3
4,1,4,4,2,4,2,4
2,1,2,3,1,3,1,1
2,1,1,1,1,1,1,1
3,1,1,1,1,1,1,1
3,1,3,3,1,2,1,1
2,1,2,2,1,2,1,1
3,2,3,3,3,3,3,2
2,2,2,2,2,1,2,2
4,4,4,4,4,4,4,4
3,2,3,3,2,3,1,1
2,3,3,2,2,3,2,1
3,2,3,3,2,3,2,2
3,1,2,3,2,2,2,1
3,3,3,4,2,3,3,3
3,2,2,3,2,3,2,1
3,2,3,3,2,3,2,3
3,3,4,3,2,4,3,1
2,3,2,3,2,3,3,3
2,2,3,3,2,3,2,2
4,4,4,4,4,4,4,4
2,2,3,2,2,2,2,2
3,3,2,2,2,2,2,2
3,2,2,3,1,2,1,1
2,1,2,2,2,1,2,1
3,2,3,3,2,3,2,2
3,1,2,4,2,2,2,2
3,3,4,4,3,4,4,3
3,2,4,4,3,3,2,1
2,1,2,3,2,2,2,1
2,2,2,2,2,2,2,2
2,1,1,2,1,1,1,1
3,2,3,4,3,3,2,1
2,1,2,1,1,1,1,1
4,2,4,4,2,3,3,2
4,2,2,3,2,3,2,3
4,4,3,4,2,4,3,3
3,1,3,3,1,2,1,1
3,2,3,3,3,4,3,4
3,1,3,3,1,3,1,1
3,2,3,3,2,3,2,2
2,1,2,2,1,2,1,1
2,2,2,3,2,2,1,1
3,2,3,4,1,3,1,1
2,2,3,3,2,3,2,2
3,4,4,4,4,4,4,3
3,2,3,3,2,2,2,2
3,2,3,3,2,3,1,1
2,2,2,3,2,2,2,2
4,3,3,3,3,3,3,1
4,3,4,4,3,3,3,2
4,2,3,4,2,3,1,1
4,1,1,1,2,1,1,1
3,2,1,3,3,1,1,2
2,3,4,2,2,2,3,2
4,3,3,3,3,3,3,3
2,1,1,2,1,2,1,1
4,1,3,4,1,4,1,1
4,4,4,3,2,3,3,2
1,1,1,1,1,1,1,1
2,1,2,2,2,2,1,1
2,2,3,4,2,3,3,2
4,2,4,4,4,4,4,4
4,4,4,4,4,3,4,4
2,1,2,2,2,1,2,1
4,2,3,3,2,3,2,2
2,2,2,2,2,2,2,2
4,1,3,4,2,2,2,1
2,1,1,1,1,1,1,1
2,1,1,3,1,1,1,1
2,2,2,2,2,2,3,2
1,2,1,1,1,2,1,2
1,1,1,1,1,1,1,1
4,4,4,4,2,4,2,1
3,3,4,3,3,3,3,3
999,999,999,999,999,999,999,999
4,2,3,3,2,3,3,2
2,1,2,2,2,2,2,2
2,2,3,3,2,3,2,2
3,2,3,3,3,3,3,3
2,2,3,3,2,2,3,3
4,2,3,3,2,3,2,2
3,2,3,3,2,3,2,2
3,3,3,3,3,3,3,3
2,2,3,3,2,3,3,2
3,3,3,3,3,3,3,3
3,2,2,2,2,2,2,2
2,2,2,2,2,2,2,2
3,2,3,999,2,2,2,2
2,1,1,1,1,2,2,2
4,3,4,4,1,3,2,1
2,2,2,1,1,2,2,2
3,2,3,3,2,3,2,2
3,3,3,3,3,3,3,3
4,4,4,4,4,4,4,3
1,1,1,1,1,1,1,1
1,1,1,1,1,1,1,1
2,1,1,2,1,1,1,1
2,2,2,2,2,2,2,2
4,4,4,4,4,4,4,4
3,2,2,2,2,2,2,2
2,2,2,2,2,2,2,2
2,2,2,2,2,999,3,3
2,2,2,2,2,2,2,2
3,2,2,2,2,2,3,2
2,1,2,2,1,1,1,1
3,3,3,3,3,3,2,2
3,1,2,2,1,2,1,1
2,2,2,3,2,2,2,2
3,1,3,3,1,3,1,1
3,2,2,3,2,2,2,1
2,2,2,2,2,2,2,2
3,2,3,3,2,2,2,1
3,1,2,3,1,3,2,2
2,3,2,2,3,2,3,3
3,1,1,3,1,3,4,4
3,1,2,2,1,2,2,2
999,999,999,999,999,999,999,999
3,3,3,3,3,3,3,2
2,2,2,2,1,2,2,1
2,1,2,1,1,1,1,1
2,3,3,4,2,1,3,2
2,1,3,2,1,3,2,2
3,1,1,1,1,1,1,1
3,3,3,3,3,3,3,3
3,2,3,3,2,3,2,2
4,3,4,4,3,4,4,2
3,3,3,3,3,3,3,3
999,999,999,999,2,999,999,999
3,2,3,3,2,3,2,2
2,2,2,2,2,2,3,2
4,2,3,4,2,3,2,3
2,2,2,2,2,2,2,2
3,2,3,3,2,3,2,2
4,2,4,4,2,3,3,2
4,3,4,4,2,3,4,3
3,2,3,3,2,2,2,2
3,2,4,3,2,3,2,2
3,3,3,3,2,3,3,2
4,2,3,3,2,3,2,2
4,4,4,4,4,4,2,4
3,2,3,3,2,3,2,2
4,2,3,3,2,3,2,2
2,2,3,4,2,3,3,2
2,2,3,3,2,2,2,1
3,2,3,3,3,3,2,2
3,1,2,2,1,2,2,1
3,2,2,3,2,3,2,2
4,2,3,4,4,4,4,4
2,2,3,3,2,3,2,2
4,3,4,4,2,4,3,3
2,2,3,2,3,3,3,2
4,2,2,4,2,2,2,2
3,2,2,3,2,3,1,2
3,3,3,3,3,3,3,3
3,1,3,3,2,2,2,2
4,2,3,4,3,3,2,3
3,2,2,3,2,3,2,2
3,1,3,3,1,3,1,1
1,1,2,2,1,1,1,1
3,2,4,3,1,3,3,1
2,2,2,2,2,2,2,2
2,2,2,2,2,2,2,2
1,1,1,1,1,1,1,1
4,2,3,4,2,3,3,2
2,2,2,2,2,2,2,2
3,3,3,3,3,3,2,2
3,3,3,3,3,3,2,2
4,2,4,4,2,3,2,2
3,2,2,3,2,3,3,3
3,1,3,3,1,2,1,1
3,3,3,3,999,3,3,2
3,2,4,4,2,4,3,3
4,3,3,3,3,3,2,2
3,2,2,3,2,3,2,2
3,2,3,3,2,2,2,2
4,3,4,4,3,3,2,2
4,2,4,4,2,4,2,3
3,1,3,3,1,3,3,1
2,2,2,2,3,2,2,3
3,1,3,3,1,3,1,1
4,3,3,3,2,3,3,2
3,3,3,3,3,3,3,2
2,2,2,1,2,2,2,2
4,4,4,4,4,4,4,4
1,1,3,1,1,1,1,1
3,1,3,3,1,2,1,1
3,2,3,4,2,4,2,2
2,2,3,3,4,2,3,3
3,2,3,4,2,3,2,3
3,2,2,3,1,2,2,2
2,2,1,1,2,1,2,2
3,2,3,3,2,3,3,2
2,1,3,2,2,2,1,2
3,1,2,3,1,2,1,1
2,2,3,3,2,3,3,2
2,2,3,2,2,2,2,2
3,1,2,2,1,1,2,1
2,1,2,2,1,1,1,1
4,4,4,4,4,4,4,4
3,2,3,4,2,3,3,2
3,2,3,3,2,2,3,3
3,1,2,2,2,1,2,1
3,1,1,2,2,1,2,2
2,1,2,1,1,2,1,1
4,2,4,4,2,4,2,2
4,2,3,3,2,3,2,2
4,1,3,4,1,3,1,1
3,2,3,3,2,3,2,2
2,1,2,1,1,1,1,1
2,2,2,2,2,2,2,2
4,3,3,4,3,3,4,3
1,1,3,3,1,3,1,1
3,1,1,2,2,2,1,1
4,3,4,4,3,3,3,3
3,999,3,2,3,3,2,2
2,2,2,3,2,3,2,2
3,2,2,2,2,2,1,2
3,2,3,3,2,3,2,2
3,3,3,3,3,3,2,2
3,2,3,3,2,3,3,2
3,2,2,3,2,3,2,2
3,2,2,2,2,2,1,1
1,1,1,1,1,1,1,1
2,2,2,2,2,1,1,1
3,2,4,4,2,3,4,4
3,2,3,3,2,3,3,2
2,1,2,1,1,2,1,1
2,1,2,3,1,2,1,1
2,1,1,1,1,1,1,1
1,1,1,1,1,1,1,1
2,1,1,2,1,2,1,2
3,2,1,1,2,1,2,2
4,3,4,4,4,4,4,4
4,2,3,3,1,3,1,2
2,1,2,3,1,2,1,1
4,1,2,4,1,3,2,2
3,2,2,2,2,2,2,2
1,1,1,2,1,2,1,1
4,3,3,3,2,3,3,2
3,1,3,3,1,2,1,1
4,2,4,4,2,3,2,2
3,1,3,3,3,2,3,3
4,1,2,4,1,3,1,1
3,2,3,2,2,2,2,2
4,3,4,4,2,4,4,3
3,2,3,3,2,3,1,2
3,1,2,4,1,2,1,1
2,1,2,2,1,2,1,1
3,2,3,4,2,4,2,2
2,1,2,2,1,1,1,1
3,3,3,3,3,3,3,2
3,2,3,4,2,4,1,1
4,1,2,3,1,3,1,3
4,1,4,4,2,3,2,2
3,2,3,4,1,2,2,1
2,3,2,2,3,2,2,2
3,2,2,2,2,3,2,3
3,1,2,3,1,3,1,1
4,2,4,4,2,4,2,2
2,2,3,2,2,3,2,2
3,2,2,2,2,2,3,2
2,2,2,2,2,3,2,2
4,2,4,4,3,4,4,2
3,1,3,3,1,3,2,3
2,2,4,3,2,2,2,2
4,2,3,3,3,3,3,3
3,1,2,3,2,2,1,2
1,1,1,1,1,1,1,1
4,4,4,4,4,4,4,4
2,1,2,3,1,1,1,1
3,2,4,3,2,3,3,2
3,1,3,3,1,2,1,1
3,2,3,3,2,2,3,2
3,2,3,3,2,3,2,2
4,3,4,4,3,3,4,4
4,2,4,4,3,4,4,4
4,3,4,4,4,4,4,4
3,2,2,2,2,3,2,2
2,2,3,3,3,3,2,3
2,2,2,2,2,2,2,2
4,4,4,4,4,4,4,4
2,1,2,2,1,1,1,1
2,2,2,3,2,2,3,3
3,2,3,2,2,3,2,2
2,3,3,3,2,3,3,2
3,4,4,4,4,4,4,4
3,3,3,4,2,3,3,3
3,1,3,2,2,2,2,2
3,2,2,2,2,2,2,2
4,3,4,4,3,4,3,4
2,1,1,1,2,2,2,1
4,3,4,4,3,4,3,2
3,2,3,4,1,3,2,1
2,1,2,2,1,1,1,1
3,2,3,3,1,3,1,1
4,2,4,4,2,4,2,2
3,2,3,3,2,2,2,2
3,2,3,3,2,3,3,2
3,1,3,3,1,2,1,1
3,1,1,1,1,1,1,1
3,3,3,3,3,3,3,3
4,2,3,3,2,3,2,2
3,2,3,3,2,3,2,2
3,1,2,3,1,1,1,1
2,1,2,3,1,2,2,1
2,1,1,1,1,2,2,1
1,1,1,1,1,1,1,1
3,1,3,3,1,3,3,2
2,2,3,3,2,3,2,2
2,1,2,2,1,2,1,2
4,2,4,4,2,4,2,2
3,2,3,3,2,2,2,2
2,1,1,1,1,1,1,1
2,2,3,3,2,2,2,2
3,2,3,3,1,2,1,1
3,2,3,3,2,3,3,2
3,1,4,4,1,4,1,2
4,2,2,2,3,2,2,2
3,1,3,3,1,1,1,1
3,2,3,3,2,3,2,2
2,1,2,3,1,3,1,1
4,3,4,4,2,4,3,3
2,2,2,3,1,2,2,2
3,2,3,2,2,3,2,2
3,2,4,3,2,4,2,3
3,1,3,3,1,3,3,2
3,2,4,4,2,3,2,2
3,2,3,3,2,3,2,2
3,2,3,3,3,3,2,3
4,2,3,3,1,3,1,1
2,1,3,2,1,2,1,1
3,2,3,4,2,3,2,2
4,3,4,4,3,4,3,3
3,4,3,4,4,3,4,4
2,3,3,3,2,3,2,2
4,1,1,4,1,2,1,1
2,1,1,1,1,2,1,1
3,3,3,3,3,3,3,3
3,2,3,3,2,2,3,3
4,2,4,4,4,4,4,4
4,2,4,4,2,4,2,2
2,1,2,2,1,2,1,1
3,2,2,2,2,2,2,2
4,4,4,4,4,4,4,4
1,1,1,1,1,1,1,2
4,2,4,4,2,4,2,2
1,1,1,1,1,1,1,1
2,1,3,2,1,1,1,1
4,3,4,4,3,2,3,3
4,1,2,3,1,2,3,2
2,1,2,2,1,1,1,1
3,2,1,1,1,1,1,2
4,3,4,4,1,4,4,2
2,2,3,3,2,2,3,2
2,2,2,2,2,2,2,2
3,1,3,3,1,2,1,1
4,2,3,4,2,3,2,2
3,2,3,3,2,3,2,2
3,2,4,4,2,3,2,2
2,1,2,2,1,2,1,1
4,3,4,4,4,4,4,4
2,1,2,2,1,3,1,1
2,2,3,3,1,2,1,2
4,2,3,2,3,3,2,3
3,3,2,3,2,3,2,2
4,3,4,4,2,3,1,2
2,2,2,2,2,2,2,2
3,2,3,3,2,3,2,2
4,3,4,4,2,4,3,3
3,2,3,3,2,3,2,2
3,2,4,3,2,3,2,2
3,3,3,3,3,3,3,3
3,3,4,4,4,4,4,4
2,2,2,2,2,2,1,1
4,2,3,3,3,3,2,2
4,4,4,4,4,4,4,4
2,2,2,2,2,2,2,2
4,3,3,3,3,3,4,3
2,1,2,2,1,2,1,1
4,2,3,3,2,3,2,2
4,2,3,3,4,3,3,3
3,2,3,3,2,3,2,2
3,2,3,3,2,3,2,2
999,999,999,999,999,999,999,999
3,3,3,4,3,3,3,2
4,4,4,4,4,4,4,4
3,2,3,3,3,3,3,3
999,1,1,999,999,1,1,1
3,3,3,3,2,3,3,3
2,2,2,2,2,2,2,2
2,2,2,2,2,2,2,2
4,3,4,3,3,999,3,2
3,2,3,3,2,2,2,2
4,1,3,3,1,2,1,2
3,2,3,4,3,3,2,3
2,1,1,2,1,1,1,1
2,1,2,2,1,1,1,1
2,2,2,2,2,2,3,2
3,1,1,1,1,1,1,1
999,999,999,999,999,999,999,999
2,1,2,2,1,1,1,1
3,2,2,3,2,2,2,2
3,2,3,2,3,3,3,3
4,2,4,4,2,3,2,2
3,3,3,3,2,3,3,3
2,1,2,2,1,1,1,1
3,1,2,2,2,2,2,2
4,4,4,4,4,4,4,4
3,2,3,3,3,3,3,3
2,2,2,3,3,2,3,2
2,2,2,2,2,2,3,2
4,4,4,2,2,4,3,3
4,4,2,4,2,4,3,2
3,2,3,4,2,4,1,2
3,1,2,2,1,2,1,1
1,1,2,3,1,2,1,1
3,3,3,3,2,2,2,2
2,2,2,2,1,1,3,2
2,1,2,3,2,2,2,1
3,2,3,3,2,3,2,2
1,1,1,1,1,1,1,1
2,1,1,2,1,1,1,1
3,3,4,3,2,3,3,2
4,4,4,4,4,4,4,4
3,1,3,3,1,3,1,1
3,3,3,3,3,3,3,3
3,1,2,3,1,2,1,1
3,1,2,4,1,3,1,2
3,2,1,2,1,1,1,1
3,2,2,3,2,2,2,2
4,2,3,4,2,3,3,3
2,1,2,2,1,2,1,2
3,2,2,4,2,3,2,1
3,3,2,3,3,2,3,2
3,1,2,3,2,2,2,2
3,3,3,3,2,3,3,3
2,1,2,2,1,2,1,1
3,2,3,4,2,3,2,2
3,2,3,3,3,3,3,3
3,3,3,2,3,3,2,2
2,1,2,3,1,2,1,1
3,2,3,3,2,3,2,2
2,1,2,3,2,2,1,1
3,2,3,3,1,2,2,1
2,2,2,3,1,2,1,1
4,3,2,3,3,2,3,3
3,3,3,3,3,3,2,3
2,1,2,2,1,1,1,1
3,3,3,3,3,3,3,2
2,1,2,1,1,1,3,1
4,3,3,3,3,3,2,2
2,2,3,2,2,3,2,1
3,2,3,3,2,3,2,2
3,1,2,3,2,3,2,2
3,2,2,2,2,1,2,2
2,2,2,2,2,2,2,2
3,2,3,3,2,3,3,2
3,1,1,1,1,1,1,1
1,1,1,1,1,1,1,1
2,2,2,2,2,2,2,2
3,2,3,2,2,2,2,3
3,2,3,3,3,3,2,2
2,3,1,2,2,3,3,3
4,3,4,4,4,4,4,4
3,2,3,3,3,3,3,2
3,2,3,3,2,3,2,2
2,1,2,2,1,1,2,1
2,1,1,1,1,1,2,1
3,3,3,3,3,3,3,2
3,4,4,3,4,3,2,2
3,3,3,4,3,3,2,2
2,2,2,3,2,2,2,2
3,2,3,3,2,3,2,2
2,999,999,999,999,999,999,999
4,3,1,4,2,3,3,2
4,4,4,4,4,4,4,4
4,2,3,4,2,4,3,2
3,2,3,4,2,4,1,1
3,2,3,3,2,2,2,2
3,2,2,1,1,2,2,2
2,1,3,2,1,1,1,2
3,2,2,4,2,3,3,3
4,2,4,4,2,3,3,3
2,1,1,1,1,1,1,2
3,1,3,4,1,3,1,1
3,2,3,4,1,2,3,2
2,1,2,2,1,1,1,1
3,1,1,2,1,1,1,1
2,1,1,1,1,1,1,1
2,2,2,2,2,2,2,2
4,1,3,4,1,3,1,1
3,2,2,1,1,1,1,2
3,1,3,3,2,3,2,2
1,1,1,1,1,1,2,1
3,2,2,3,1,3,1,1
3,2,2,3,2,2,2,2
2,2,4,4,2,3,3,3
4,2,3,4,1,3,2,2
3,2,3,3,2,3,3,2
2,2,2,2,2,2,3,3
4,2,3,3,3,4,3,3
3,2,2,2,2,2,3,2
3,1,2,1,1,1,1,1
3,3,4,4,4,4,4,4
4,2,3,3,2,3,2,2
2,2,2,2,1,2,1,2
3,3,3,3,3,3,3,2
3,3,2,2,1,2,2,3
2,1,2,2,1,2,2,2
3,1,1,2,2,2,2,2
3,2,3,2,2,3,2,2
3,2,2,2,2,2,2,3
2,1,1,1,1,1,1,1
3,3,3,3,2,3,2,1
2,2,2,2,2,2,2,2
2,2,3,3,1,3,2,2
3,2,3,3,2,3,1,2
4,2,4,4,4,4,4,4
3,2,3,3,2,2,2,2
2,1,2,4,1,3,1,1
4,2,2,3,2,3,2,2
3,2,2,3,2,3,2,1
2,2,1,3,2,3,2,3
2,2,3,3,2,3,2,2
4,1,4,4,2,4,4,4
2,1,2,2,2,2,1,1
3,2,3,3,3,3,2,2
4,2,4,3,1,3,2,2
1,1,3,2,2,2,2,2
2,2,3,2,2,3,2,1
2,3,2,2,3,2,3,3
2,2,1,2,2,2,1,2
3,2,3,4,2,3,2,2
3,2,2,2,1,2,1,1
2,1,1,2,1,1,1,1
1,1,1,1,1,1,1,1
3,3,3,3,3,3,3,3
3,1,999,999,1,999,4,999
2,2,2,2,2,2,2,2
3,2,2,2,2,2,2,2
3,2,3,4,3,4,4,4
2,2,2,3,2,3,2,2
3,2,3,3,2,3,2,2
4,2,4,4,4,4,4,4
4,1,3,3,1,1,1,1
3,2,3,3,3,3,3,2
3,1,1,1,1,1,1,1
3,2,2,3,1,3,1,2
1,1,1,1,1,1,1,1
4,2,4,4,2,4,2,2
4,3,3,2,2,3,1,1
2,3,3,2,3,2,3,3
3,3,3,3,3,3,3,3
3,1,2,3,2,3,3,3
4,4,2,2,2,2,2,2
4,1,4,4,1,4,1,1
1,1,1,1,1,1,1,1
4,3,4,4,2,4,3,2
4,2,3,3,2,3,2,2
3,2,2,2,2,2,2,2
3,2,2,3,1,3,1,2
3,2,2,2,2,2,2,2
4,4,4,4,4,4,2,3
1,1,1,1,1,1,1,1
3,1,3,3,2,2,2,1
2,1,2,3,1,1,1,2
3,2,3,2,2,2,2,2
2,2,2,1,2,2,1,1
3,1,2,2,1,3,2,2
3,1,2,2,1,1,1,1
3,2,2,2,2,2,2,2
4,2,3,4,2,3,2,2
2,2,2,2,2,2,2,2
3,3,4,4,3,3,3,3
3,1,2,3,1,3,1,1
3,2,2,3,1,2,2,1
2,1,1,2,1,2,1,1
2,2,2,2,2,2,2,2
3,1,2,2,2,2,1,2
2,2,1,1,1,1,2,2
2,2,3,3,1,2,3,2
2,2,2,2,2,2,2,2
2,1,2,2,1,2,1,1
2,1,3,1,1,2,1,1
4,3,4,4,4,4,4,4
4,3,3,4,2,3,3,3
4,2,3,4,1,4,1,1
4,2,4,4,2,4,3,2
3,2,3,3,2,3,2,2
3,3,3,3,3,3,2,3
2,1,2,2,1,2,1,1
2,2,2,2,2,2,2,2
3,1,2,3,1,2,1,1
3,2,3,3,2,3,3,3
3,1,2,3,2,3,2,2
3,3,3,4,3,4,3,4
3,2,4,4,3,3,3,2
4,2,4,4,2,4,3,2
4,4,4,4,4,4,4,4
2,3,3,3,2,3,3,2
3,2,3,3,1,2,1,1
3,2,3,3,3,3,2,3
3,2,3,3,3,3,2,2
3,2,3,3,2,3,2,2
4,1,3,4,1,3,1,1
999,999,999,999,999,999,999,999
2,2,2,2,2,2,3,4
2,2,2,2,2,2,2,2
3,3,3,3,2,3,3,2
2,2,2,3,1,2,1,2
4,1,3,3,1,3,2,1
3,3,3,3,3,3,3,2
3,2,2,3,1,2,1,1
3,2,3,3,2,3,2,2
999,999,999,999,999,999,999,999
2,1,2,3,2,2,2,2
2,3,2,3,2,2,3,2
3,3,3,3,2,2,3,2
2,1,1,1,1,1,1,1
2,3,4,2,3,2,3,3
4,3,3,4,3,2,4,3
2,3,3,3,2,3,3,3
3,2,3,3,2,2,2,2
4,4,4,4,4,4,4,4
3,2,3,3,3,3,3,2
3,3,3,3,2,3,2,2
4,2,4,4,2,4,3,3
3,1,3,4,1,3,1,1
3,2,2,4,2,4,1,1
4,2,3,3,2,3,2,2
2,1,2,3,1,2,3,1
2,1,2,2,2,2,2,2
3,1,3,3,1,2,2,2
2,3,2,3,3,3,3,2
3,2,4,4,2,3,3,2
1,1,1,1,1,1,1,1
2,1,2,2,1,2,2,1
3,1,1,2,1,1,1,1
2,1,1,1,1,1,1,1
3,3,3,3,2,3,3,2
3,3,3,3,2,3,2,2
2,1,2,1,1,2,1,1
3,3,3,3,3,3,3,2
4,3,3,3,3,3,3,3
3,2,3,4,2,3,2,1
3,3,4,3,2,3,3,2
1,1,1,1,1,2,1,1
4,1,4,4,1,3,1,1
3,3,3,3,2,3,3,2
3,2,3,3,2,3,2,2
2,2,2,2,2,2,2,2
3,2,3,3,2,3,2,2
3,1,4,4,2,3,2,2
3,2,2,3,1,2,1,1
2,2,2,2,2,1,1,2
2,2,2,2,2,2,2,2
2,1,2,2,2,2,2,2
3,1,3,3,2,3,2,2
3,1,3,3,2,3,2,1
2,1,2,2,1,3,2,1
3,2,3,3,2,3,3,3
2,2,2,2,2,2,2,2
4,2,3,4,2,3,2,2
4,3,4,4,3,4,4,4
4,4,4,4,4,4,4,4
3,1,3,3,1,3,1,1
3,1,2,4,1,2,2,1
4,2,3,3,2,2,2,1
3,1,4,4,1,3,2,2
4,2,3,4,2,3,2,2
4,4,4,4,4,4,4,4
3,3,3,3,3,3,3,3
3,2,3,3,2,3,3,2
2,1,2,1,1,1,1,1
2,1,2,2,1,1,1,1
4,2,4,4,2,4,2,2
2,2,2,3,1,2,2,2
3,2,3,3,2,3,2,2
3,2,3,3,2,3,2,2
1,1,2,2,1,1,1,1
3,3,3,3,2,3,3,2
3,2,3,4,2,3,2,2
2,1,4,3,1,2,1,1
1,1,1,1,1,1,1,1
4,3,4,4,2,3,3,2
3,2,3,3,3,3,2,2
2,2,2,3,2,2,2,2
4,2,4,4,2,4,3,4
3,4,3,3,2,3,4,4
3,2,3,3,1,2,2,2
1,1,2,2,2,1,1,1
2,1,3,3,1,2,2,3
3,3,3,3,2,3,2,2
4,3,3,3,1,3,2,1
3,2,3,3,2,3,3,3
2,2,3,3,3,3,3,3
3,2,3,3,2,3,2,1
3,2,3,4,2,3,2,2
3,2,2,2,2,2,3,3
3,3,4,4,2,3,3,4
2,1,2,2,1,2,1,1
3,1,2,1,1,1,2,2
3,3,2,3,3,3,3,3
4,1,1,1,1,1,1,1
3,1,2,2,1,2,1,2
4,4,4,4,4,4,4,4
3,3,3,3,3,3,3,3
3,2,3,3,2,3,3,3
3,2,3,3,2,2,2,2
3,2,4,4,2,3,2,2
3,1,2,1,1,2,1,1
2,1,2,2,1,2,1,1
3,2,3,3,2,3,2,2
2,1,2,2,2,2,2,2
2,1,3,3,2,2,1,2
3,3,3,3,3,4,4,3
2,2,2,2,1,2,2,2
3,2,2,3,2,3,2,2
3,2,3,3,2,2,3,2
2,1,1,1,1,1,1,1
2,2,1,2,1,2,2,1
3,2,2,3,2,2,3,2
3,3,3,3,3,3,3,3
4,1,4,4,2,3,2,2
2,2,2,2,2,2,3,3
2,2,3,4,2,3,2,2
3,2,3,3,2,3,1,1
2,3,3,3,3,3,3,2
4,1,4,4,1,4,1,2
3,3,3,4,3,3,999,3
3,2,2,4,3,3,2,1
4,2,3,3,3,3,3,2
4,3,4,4,3,4,3,3
4,4,4,4,3,4,4,3
3,2,3,3,2,3,2,2
3,1,3,3,1,2,1,2
3,2,4,4,3,4,2,3
3,2,3,3,2,3,3,2
3,3,3,3,3,3,3,3
4,4,4,4,4,4,4,4
4,1,2,3,2,2,2,2
3,2,3,3,2,3,3,2
3,3,3,3,3,3,3,3
3,1,3,3,1,2,1,1
1,1,1,1,1,1,1,1
3,2,3,3,3,3,3,3
4,1,4,4,2,3,1,1
4,3,3,4,2,3,3,3
2,2,2,2,1,1,1,1
4,2,4,4,2,3,3,2
4,2,3,3,2,3,3,2
3,2,2,1,4,3,3,2
2,2,3,3,2,3,2,2
2,1,2,2,1,2,1,1
2,1,1,1,2,1,1,1
1,1,1,1,1,1,1,2
2,2,2,2,2,2,2,2
4,2,3,3,2,4,1,1
2,3,3,3,2,2,3,2
2,1,1,1,1,1,1,1
3,3,2,2,2,2,3,2
1,1,1,1,1,1,1,1
2,2,3,2,3,2,3,2
2,1,1,2,2,2,2,3
2,2,2,2,2,2,2,2
4,2,4,999,2,4,1,2
4,2,3,3,2,3,3,3
3,2,2,3,2,2,2,2
1,1,1,1,1,1,1,1
3,2,3,3,2,3,2,2
3,2,3,3,2,2,2,999
3,2,2,2,2,2,3,3
3,2,2,3,2,2,2,2
2,1,1,2,1,2,1,1
3,2,3,3,3,3,3,3
999,999,999,999,999,999,999,999
3,1,3,3,2,2,2,1
2,1,1,1,1,1,1,1
3,1,2,3,1,2,1,1
2,2,3,3,4,3,2,3
3,2,3,3,2,3,2,2
4,1,2,3,1,3,2,2
2,2,3,2,2,2,2,2
2,2,2,3,2,2,2,2
3,2,3,2,3,2,3,2
4,1,3,4,1,4,1,1
3,2,3,2,2,3,3,2
2,2,2,2,2,2,2,2
2,3,3,3,2,3,2,2
2,2,2,2,2,2,2,2
1,1,2,2,1,2,1,1
3,2,3,3,2,3,2,3
3,3,4,4,4,4,4,3
3,2,3,3,2,2,2,2
2,2,2,2,2,2,2,2
3,2,2,3,2,3,2,2
2,2,2,2,2,2,2,2
2,1,1,1,1,1,1,1
3,2,2,2,2,2,2,2
2,1,3,3,3,3,1,1
3,2,2,3,2,2,2,2
1,1,1,1,1,1,1,1
1,1,1,1,1,1,1,1
2,999,2,999,2,3,3,3
1,1,1,1,1,1,1,1
2,2,2,2,2,2,2,2
2,2,2,2,2,2,2,1
999,999,999,999,999,999,999,999
2,2,2,2,2,2,2,2
2,1,1,1,1,1,1,1
4,4,4,999,4,4,4,4
3,3,3,3,3,3,2,2
3,1,3,3,2,2,2,1
3,3,3,3,2,3,3,3
3,3,3,3,2,3,3,2
1,1,1,1,1,1,1,1
2,1,2,2,2,2,1,2
3,2,4,4,2,3,2,2
4,3,4,4,2,3,3,2
4,999,999,4,4,999,4,999
3,2,3,3,2,3,2,2
4,2,3,3,2,3,2,2
2,2,2,3,2,2,2,2
3,2,2,2,2,2,2,2
3,3,3,4,3,3,3,3
3,2,3,3,2,2,3,2
3,1,2,3,2,4,2,1
3,2,3,3,3,2,2,2
3,2,2,3,2,1,2,3
3,2,3,3,2,2,1,1
2,1,2,2,2,2,3,2
2,1,2,2,1,1,1,1
2,2,2,2,2,1,2,1
3,1,2,3,1,2,2,2
1,1,1,1,1,1,1,1
2,2,1,2,1,1,1,1
2,2,2,1,1,2,1,2
1,1,1,1,1,1,1,1
3,2,2,2,2,2,2,2
3,2,2,3,2,3,1,1
2,2,2,2,1,2,3,2
2,1,1,1,1,1,1,1
3,2,3,3,2,2,1,2
4,3,3,4,3,3,3,1
2,1,1,2,1,1,1,1
3,2,3,3,2,3,2,2
1,3,2,1,2,999,3,4
2,2,3,3,3,2,2,1
2,2,2,2,2,2,3,2
3,2,2,3,2,3,2,2
4,3,4,4,4,4,4,4
3,2,3,4,2,4,2,2
4,4,4,4,4,4,4,4
4,4,4,4,4,4,4,4
3,2,3,3,3,3,3,3
1,1,2,1,1,1,1,1
2,1,1,1,1,1,1,1
4,1,4,4,1,4,1,1
3,1,3,4,1,3,1,1
3,2,3,4,2,2,1,2
4,2,4,4,2,4,2,2
4,1,2,3,3,2,2,2
2,2,3,3,3,2,2,2
1,1,1,1,2,2,1,1
3,2,1,1,1,1,1,1
3,2,3,3,2,3,2,2
3,1,2,1,1,1,1,2
3,1,1,2,2,1,2,1
3,3,3,4,4,3,4,4
3,2,2,3,2,2,2,2
3,1,3,3,1,2,1,1
4,4,4,4,4,3,4,4
2,1,2,3,1,2,1,1
3,1,2,2,1,1,1,1
4,2,4,4,2,4,3,2
2,1,2,1,2,2,1,2
2,3,2,2,2,2,3,2
2,2,3,3,2,2,3,2
4,3,3,4,3,3,3,3
2,2,1,1,1,1,1,2
2,1,2,3,2,2,2,2
4,2,4,4,2,4,4,2
1,1,1,1,1,1,1,1
2,1,1,1,1,1,1,1
3,1,3,4,2,4,2,1
3,1,1,1,1,1,1,1
3,2,2,3,2,2,1,1
2,2,2,2,4,2,2,2
3,2,2,2,2,2,2,2
3,2,2,2,2,2,2,2
2,2,2,3,2,3,2,2
1,1,1,1,1,1,1,1
3,2,2,3,1,1,1,1
2,2,2,3,2,2,2,2
4,1,2,4,2,3,2,2
3,3,2,4,2,3,4,2
999,999,999,999,999,999,999,999
1,1,1,1,1,1,1,1
1,1,1,2,1,1,1,1
3,1,2,2,2,2,2,2
2,2,2,2,2,2,2,2
2,1,1,1,1,1,1,1
3,2,3,3,2,2,3,2
3,2,3,3,2,3,2,2
4,2,3,3,2,3,2,2
3,1,2,3,1,2,1,1
3,3,3,3,2,3,2,3
4,2,3,4,3,4,3,3
1,1,2,1,2,2,3,2
2,1,2,2,1,1,1,1
3,2,3,3,2,3,2,2
3,2,3,3,2,4,2,2
3,2,3,4,1,3,2,2
3,2,2,2,2,2,3,2
2,2,3,4,2,4,4,3
3,2,3,3,2,2,2,2
3,2,2,3,1,3,2,1
3,2,3,2,2,2,2,2
1,1,1,1,1,1,1,1
3,2,3,3,2,2,3,3
4,1,3,2,1,1,2,1
2,3,3,2,2,2,2,2
2,2,2,1,1,2,1,1
2,2,2,2,2,3,2,3
3,3,3,3,2,3,3,2
3,2,3,3,2,3,3,3
3,1,2,3,1,2,1,1
3,2,3,3,2,3,3,2
3,2,3,4,2,3,2,2
4,1,3,4,1,2,4,1
2,2,2,2,2,2,2,2
2,1,2,2,2,2,1,1
1,1,1,1,1,1,1,1
3,2,2,3,2,3,2,2
4,4,4,4,4,4,4,4
2,1,1,1,1,1,1,1
3,3,3,3,3,3,3,3
3,1,2,2,2,2,2,2
4,3,4,3,2,3,4,3
3,1,2,1,1,1,1,1
1,1,1,1,1,1,1,1
1,1,1,1,1,2,1,1
3,2,2,3,1,2,1,1
3,2,2,2,2,2,2,2
3,1,2,2,1,2,1,1
3,4,4,4,4,4,4,4
2,1,1,1,1,1,1,1
3,2,3,3,2,3,1,2
2,2,3,4,1,4,1,1
3,2,3,3,2,3,2,2
3,3,3,2,3,3,3,3
3,1,3,3,1,2,3,2
3,2,3,3,3,3,3,3
3,2,3,3,2,3,3,2
4,4,4,4,3,4,4,3
4,3,4,4,2,4,3,3
2,2,2,2,2,2,2,2
2,2,3,3,2,3,2,2
4,2,4,4,2,4,4,2
3,2,2,3,1,2,2,1
3,1,3,3,2,3,2,2
4,3,4,4,4,4,4,4
4,2,3,4,1,3,1,3
4,1,2,3,2,3,3,2
2,2,1,1,2,1,3,2
2,2,2,2,2,2,2,2
4,3,4,4,3,4,3,2
2,1,2,2,2,3,3,1
3,1,1,2,1,1,1,1
3,3,2,2,2,2,2,2
3,2,3,3,2,3,2,3
2,1,3,2,1,3,1,1
2,3,2,3,3,3,3,2
3,2,3,2,1,2,2,2
2,2,2,2,2,2,2,1
3,3,3,3,2,3,2,2
3,2,3,2,2,2,2,2
3,3,3,3,3,3,3,3
4,2,3,4,2,3,2,2
3,2,1,3,2,3,3,3
2,2,2,2,2,1,1,1
3,2,2,3,2,2,3,2
3,2,2,3,2,2,3,2
2,2,3,3,2,3,2,2
4,4,4,4,4,4,4,3
3,1,3,3,1,3,1,1
3,2,3,3,2,2,2,2
3,2,2,3,2,3,2,2
3,1,2,2,2,2,1,1
2,1,1,1,1,1,1,1
4,4,3,4,4,4,4,4
2,2,2,2,2,2,3,2
3,1,2,1,2,1,1,2
3,2,3,4,1,3,1,1
3,2,4,3,3,4,2,3
2,1,2,2,1,1,1,1
2,2,2,2,1,2,2,2
4,3,4,4,3,4,3,3
1,2,1,1,2,2,2,2
3,2,3,3,2,3,3,2
3,3,2,3,3,3,3,4
1,1,1,1,1,1,1,1
4,3,4,4,4,4,4,4
3,1,2,2,3,2,2,1
4,4,3,3,4,4,4,3
3,2,3,3,2,2,1,1
2,2,3,3,2,3,2,2
4,3,3,4,3,3,4,4
3,2,3,2,3,2,3,2
1,1,1,1,1,1,1,1
2,3,2,2,3,2,3,2
4,3,4,4,3,4,3,3
4,2,3,3,2,3,2,2
3,2,3,3,3,2,2,2
4,2,2,2,2,2,2,2
4,2,4,4,4,4,4,4
3,2,3,3,2,3,2,2
4,3,4,4,2,4,4,4
3,2,3,3,2,3,2,2
2,2,3,2,2,2,2,2
1,2,2,2,1,1,1,2
3,2,2,3,3,2,4,2
3,2,3,3,2,3,2,2
3,2,3,3,2,2,2,2
4,4,4,4,4,4,4,4
2,1,2,3,2,3,1,1
3,2,2,3,2,2,2,2
3,2,3,4,3,3,3,2
3,2,3,4,2,3,2,2
4,4,4,4,4,4,4,4
4,2,4,4,1,4,1,2
4,4,4,4,4,4,4,4
3,1,2,3,1,2,2,2
4,2,4,4,2,3,3,2
2,2,2,3,2,2,2,2
3,1,3,3,1,2,1,1
4,1,4,4,2,3,2,2
3,2,2,4,2,3,3,2
4,2,4,4,2,4,1,2
3,3,3,4,3,3,3,3
4,4,4,4,4,4,4,4
3,2,2,1,2,2,3,2
3,2,2,3,2,3,2,2
3,2,2,3,2,2,2,2
3,3,2,3,4,4,4,4
3,3,2,2,2,2,3,3
4,2,3,3,2,3,2,2
3,1,3,2,1,3,1,1
4,3,4,4,2,3,3,3
3,3,3,3,2,2,2,2
1,2,3,2,3,2,2,2
2,2,2,2,2,2,2,2
3,2,3,3,2,3,2,2
2,2,1,1,2,2,2,2
3,4,3,4,4,3,4,2
3,2,3,3,2,3,2,2
4,4,4,4,4,4,4,4
3,2,3,3,2,3,2,2
3,4,2,2,2,3,4,3
1,3,1,1,1,1,3,2
2,1,1,1,1,1,1,1
3,2,3,3,2,3,3,2
3,3,3,3,3,3,1,1
1,1,1,1,1,1,1,1
3,2,3,3,2,3,3,2
2,2,2,2,2,2,2,2
3,2,2,3,2,3,2,2
4,1,3,3,1,3,1,1
2,2,3,3,2,3,2,2
4,2,3,4,2,3,2,2
4,3,3,4,2,2,3,2
3,2,3,2,2,3,2,2
3,2,2,3,2,2,2,2
2,2,2,2,2,2,2,2
2,1,2,2,1,2,1,1
2,2,3,2,999,2,3,999
3,2,3,3,2,2,2,2
3,2,3,3,2,3,3,3
2,2,2,2,2,2,2,2
4,2,4,3,2,3,3,2
3,2,3,3,2,3,2,3
3,2,4,3,3,2,3,3
4,1,4,4,1,4,1,1
2,3,3,3,3,3,3,3
4,4,4,4,4,4,4,4
4,2,4,4,2,4,2,1
2,1,2,3,1,2,1,1
4,1,4,4,1,4,1,1
2,2,3,2,2,3,2,2
3,2,3,3,3,3,3,3
2,2,3,2,2,2,2,2
3,2,3,3,2,2,2,2
2,1,1,1,1,1,1,2
4,4,3,3,2,3,1,1
3,2,3,3,2,2,2,3
2,2,2,2,2,2,2,2
2,2,2,2,2,2,2,2
3,1,3,3,1,3,1,1
1,1,1,1,1,1,1,1
4,2,3,4,2,3,2,2
2,2,2,2,2,2,2,2
3,2,3,3,2,3,2,2
2,1,2,2,2,2,2,1
3,2,3,3,2,4,2,2
3,2,2,3,2,2,2,2
3,1,2,3,1,2,1,1
4,2,3,4,2,3,2,2
3,2,3,3,2,2,2,2
2,2,2,2,2,2,2,1
3,2,2,2,2,3,2,2
1,1,1,1,1,1,1,1
4,2,3,4,2,3,2,2
2,3,1,1,2,2,3,2
4,1,3,3,1,4,1,2
3,3,3,3,3,3,2,2
2,1,1,1,2,2,2,2
4,2,3,3,2,3,999,2
4,2,4,4,2,3,2,2
2,2,2,2,2,2,2,1
3,2,3,2,2,2,3,2
3,2,3,3,2,3,2,2
2,1,3,2,1,2,1,1
1,1,1,1,1,1,1,1
4,3,4,4,2,4,2,3
3,2,3,3,2,3,3,2
3,2,2,2,2,2,2,2
4,1,2,1,2,2,1,1
2,2,3,3,2,3,3,2
1,1,1,1,1,1,1,1
2,1,3,2,1,2,2,2
4,4,4,4,4,2,4,4
2,1,2,3,2,2,2,1
1,1,1,1,1,1,1,1
3,2,3,4,2,3,2,2
2,1,2,2,1,2,1,1
4,3,3,3,3,3,3,2
3,2,3,4,2,3,2,2
3,2,3,3,2,3,3,2
4,3,4,4,2,4,2,2
2,1,2,3,2,2,1,1
3,2,2,2,3,3,2,2
2,1,2,2,1,1,1,1
2,1,2,2,1,2,1,1
3,1,1,3,1,2,1,1
2,1,2,2,1,1,1,1
2,2,3,2,2,2,2,2
3,2,3,3,2,3,2,2
3,2,2,2,1,2,2,2
3,2,3,4,2,3,3,2
3,2,3,999,3,3,2,2
4,4,4,4,4,4,4,4
4,1,4,3,2,4,1,1
3,2,3,3,1,3,1,2
999,999,999,999,999,999,999,999
999,999,999,999,999,999,999,999
4,1,2,2,1,1,1,1
3,3,3,4,1,3,2,2
4,4,4,4,4,4,4,4
3,1,3,3,1,3,1,1
3,1,4,2,2,2,2,2
2,2,2,2,2,2,2,2
3,1,3,3,2,2,3,2
2,1,1,1,1,2,1,1
3,2,2,3,1,2,2,2
4,2,3,3,2,3,1,1
3,1,3,4,1,4,3,2
3,1,4,3,1,3,3,1
4,1,2,3,2,2,2,2
2,2,2,2,1,1,1,2
4,4,4,4,4,4,4,4
4,3,4,4,4,3,4,4
2,2,3,2,1,1,2,1
3,3,3,3,3,3,3,3
4,4,4,4,2,2,2,2
3,2,2,3,3,2,1,2
3,3,3,3,3,3,3,3
3,2,2,3,2,2,2,2
4,4,4,4,4,4,4,4
3,2,2,3,1,2,2,1
4,3,4,4,2,3,2,1
2,3,2,3,2,3,3,2
3,3,3,3,3,3,3,3
4,2,3,4,2,3,2,2
3,2,3,3,2,3,2,2
4,2,4,4,2,4,2,2
3,2,3,3,3,999,2,2
3,1,2,3,1,3,1,1
3,3,3,3,2,3,1,1
3,1,3,3,1,2,1,1
4,2,4,4,2,4,3,2
4,4,4,4,4,4,3,3
3,2,3,3,2,2,2,2
3,3,3,3,3,3,3,2
3,1,3,3,1,3,2,2
4,1,3,3,1,4,1,1
4,1,3,4,1,2,1,1
4,2,3,4,2,3,2,2
3,1,3,3,1,2,2,1
2,1,1,2,1,1,1,1
2,1,2,2,1,2,1,1
4,2,4,4,4,4,4,4
4,4,4,4,4,4,4,3
2,2,3,2,2,2,3,3
4,2,4,4,2,4,3,3
4,2,4,4,2,4,2,2
4,3,4,4,2,4,3,2
999,999,999,4,4,4,4,999
3,1,2,1,2,2,2,2
3,2,3,3,2,3,2,2
4,3,4,4,4,4,4,4
3,2,3,2,2,2,2,2
2,1,1,2,1,2,1,1
1,1,1,1,1,1,1,1
3,1,2,2,1,2,1,1
3,1,1,1,1,1,1,1
3,2,3,3,2,3,2,2
4,4,1,3,4,4,4,4
3,2,3,3,2,3,3,3
2,3,3,3,3,2,3,3
2,4,2,2,3,3,3,4
3,3,3,3,3,2,3,2
2,2,3,3,2,2,2,2
1,1,1,1,1,1,1,1
3,2,3,4,3,2,3,3
3,2,3,3,2,3,2,2
1,2,1,1,3,1,2,2
3,1,1,1,1,1,1,1
4,2,4,4,2,3,1,2
3,3,3,3,2,3,3,2
3,2,2,2,1,2,2,1
3,1,3,3,1,4,1,1
3,2,3,3,2,3,3,3
2,1,2,2,1,2,2,2
3,2,3,3,2,3,3,2
3,2,3,3,2,3,2,1
2,2,3,2,2,2,2,2
1,1,1,1,1,1,1,1
2,1,1,1,1,1,1,1
2,2,2,1,1,1,1,1
2,2,1,1,2,1,2,1
3,2,3,3,2,3,2,2
3,2,3,3,2,3,3,2
3,1,2,3,1,2,1,1
2,2,3,3,3,3,2,2
2,2,2,2,2,3,2,1
3,2,2,3,2,2,2,2
3,2,2,2,3,2,3,3
3,2,2,2,2,2,2,2
3,2,2,4,2,3,1,1
3,4,3,3,3,3,4,3
3,1,2,1,1,1,1,1
3,2,3,3,2,3,1,1
2,1,2,2,1,2,1,1
3,1,1,3,1,1,1,1
2,2,2,2,2,2,2,2
2,2,2,2,2,2,2,2
3,2,2,3,1,2,2,1
1,1,2,1,2,1,2,2
3,2,2,2,2,2,2,2
3,3,3,3,2,3,3,2
3,2,2,1,2,2,3,3
2,1,2,3,1,2,2,2
3,1,2,2,1,1,1,1
2,2,2,2,2,2,2,2
4,3,4,4,2,4,3,2
3,2,3,3,2,3,2,2
3,3,3,3,3,3,3,3
2,2,2,2,2,2,2,2
2,2,2,2,2,2,2,2
3,1,1,2,1,1,1,1
2,2,2,1,2,2,1,2
2,2,3,3,2,2,2,2
3,1,1,2,1,2,3,1
3,2,2,3,2,2,2,2
3,2,2,3,2,3,2,2
2,2,2,2,2,2,2,2
2,1,1,2,2,1,2,2
2,2,2,2,2,2,2,2
3,3,3,4,2,3,3,2
3,3,3,4,2,3,4,2
2,2,2,2,1,2,1,1
3,2,3,3,2,3,2,2
2,1,1,1,1,2,2,1
3,3,3,3,2,3,1,1
3,2,2,3,2,3,3,3
3,2,2,2,3,2,2,3
3,2,3,3,2,3,3,3
3,1,2,3,2,3,2,2
3,1,2,3,2,3,2,2
3,2,3,3,2,2,2,2
3,2,2,4,1,3,1,1
3,1,2,3,2,3,2,1
2,2,3,3,2,3,3,2
4,2,4,4,2,4,2,1
3,2,3,3,2,3,3,2
4,2,4,4,3,4,4,3
4,2,4,4,2,4,3,4
2,2,2,2,1,2,2,1
1,1,1,1,1,1,1,1
2,2,2,2,2,2,2,2
2,2,2,2,2,2,2,2
2,2,2,2,2,2,2,2
2,1,2,2,2,3,1,1
3,2,3,3,3,3,2,2
4,2,3,2,3,2,3,2
2,3,2,3,2,2,3,2
3,3,3,3,2,3,2,2
2,2,2,2,2,2,2,2
2,1,3,3,2,2,1,2
3,3,3,3,3,3,2,3
3,3,3,3,2,3,3,1
2,2,3,2,3,1,2,3
2,1,2,1,2,2,2,2
2,1,2,1,1,1,1,1
3,2,2,3,2,3,1,1
2,1,2,2,1,2,1,1
4,2,3,3,2,3,2,2
3,1,3,4,1,3,2,2
2,2,2,2,1,2,2,2
3,1,2,3,2,2,3,1
4,4,4,4,4,4,4,4
3,1,2,3,2,3,1,1
4,1,3,4,1,3,2,1
3,2,2,3,3,3,3,3
1,1,1,1,1,1,2,2
3,2,3,3,3,3,2,2
3,1,1,2,1,1,1,2
3,2,2,2,1,2,1,1
2,2,2,2,2,2,2,2
2,1,2,1,1,1,1,1
2,1,1,1,1,1,1,1
2,1,2,3,1,2,1,1
3,2,2,2,2,2,3,2
2,1,2,1,1,2,1,2
4,2,4,4,3,4,2,4
3,2,2,3,2,2,2,2
3,1,2,3,2,2,3,4
4,2,2,3,2,2,2,2
3,2,2,3,2,3,2,2
2,1,1,2,1,1,1,1
4,4,4,4,4,4,4,2
4,1,1,1,1,1,1,1
3,1,1,2,1,2,1,1
4,3,3,3,1,3,2,3
3,1,3,3,1,3,2,2
2,1,1,1,1,1,1,1
3,4,3,3,3,3,4,3
2,2,1,2,2,2,3,2
2,2,2,2,2,2,2,2
4,2,4,4,2,4,2,1
2,1,2,2,1,2,1,1
2,1,2,1,1,1,1,1
2,2,2,2,2,2,2,2
1,1,1,1,1,1,1,1
4,2,3,3,2,3,3,3
3,2,4,4,2,3,2,2
3,1,2,3,1,2,1,1
1,1,2,2,1,1,1,2
3,2,3,3,2,3,2,2
999,999,4,4,4,4,4,4
4,2,4,4,4,4,1,2
3,2,3,3,2,3,4,2
3,1,2,2,1,2,1,1
2,1,2,1,1,2,1,1
3,3,3,3,3,3,3,2
4,3,4,4,4,4,4,3
2,1,1,2,1,1,2,2
4,4,4,3,4,4,4,3
3,2,3,3,3,2,3,2
2,1,3,3,1,2,2,1
3,1,3,3,1,2,1,1
4,2,4,4,2,3,3,2
2,2,2,3,2,2,2,2
3,1,1,2,1,1,1,1
4,1,4,4,2,4,2,2
3,1,2,3,1,2,1,1
3,2,3,3,1,3,1,1
2,2,2,2,2,2,2,2
4,2,4,4,2,4,2,2
1,3,3,2,2,1,2,2
2,3,3,3,2,2,2,2
2,1,3,3,1,3,1,2
1,1,1,1,1,1,1,1
4,2,3,3,2,1,1,2
3,4,3,4,2,3,4,3
4,1,2,3,1,3,1,1
3,1,2,2,3,2,3,2
3,2,2,3,2,2,2,2
3,2,3,3,2,2,2,2
1,1,1,2,1,1,1,1
2,1,2,1,1,1,1,1
3,3,4,4,3,3,4,3
4,3,4,4,3,4,4,3
2,3,1,1,2,1,3,2
3,1,3,2,1,2,3,2
4,2,3,3,2,3,2,2
2,2,3,3,2,2,2,3
3,3,3,3,3,3,3,2
3,3,3,3,2,3,3,3
4,1,4,4,1,4,1,1
2,2,2,3,1,2,2,1
2,1,2,2,1,2,1,1
3,4,4,4,4,4,4,4
2,1,2,2,2,2,2,2
3,2,3,3,2,3,2,2
3,2,2,2,2,2,3,2
3,2,3,3,2,2,2,2
4,1,4,4,1,4,1,1
3,2,2,3,2,2,2,2
2,3,2,3,2,2,3,3
4,1,4,4,1,4,1,1
3,2,3,4,2,4,3,2
3,1,2,2,1,2,1,1
3,2,2,2,2,1,2,2
4,4,4,4,4,4,4,4
3,3,3,4,3,3,4,3
3,1,2,3,1,2,1,1
2,1,2,2,1,2,1,1
2,1,2,2,1,1,1,1
2,1,2,2,1,1,1,1
2,1,2,2,2,2,2,1
3,2,3,3,3,3,2,2
3,2,4,3,2,4,2,2
3,2,2,4,2,2,3,2
2,2,2,3,2,3,1,1
3,3,3,2,2,2,3,2
4,1,2,3,2,3,1,1
4,2,4,3,1,3,3,2
3,1,3,3,2,3,2,2
3,2,3,3,1,2,2,2
3,1,1,2,1,2,1,2
4,4,4,4,2,3,4,4
2,2,3,3,1,2,1,1
2,3,2,3,3,2,3,3
3,1,2,2,2,2,2,1
4,1,1,1,1,1,1,1
3,1,3,3,1,2,1,1
3,2,2,3,2,3,2,2
3,1,4,4,2,2,1,1
3,3,3,3,3,3,3,2
3,2,3,2,2,3,2,2
2,3,4,3,3,4,4,2
2,1,3,3,1,3,1,1
3,2,4,4,2,4,2,2
4,3,3,3,3,3,3,3
3,2,4,3,2,3,2,2
4,2,3,4,2,2,2,2
4,4,4,4,4,4,4,4
3,4,3,3,2,3,3,3
4,2,3,4,2,3,3,3
3,1,2,3,1,2,2,1
4,2,4,4,2,3,2,2
3,2,2,4,2,4,2,3
2,2,2,999,2,2,2,2
3,1,3,3,1,2,1,1
2,2,2,2,2,2,3,2
2,2,2,3,2,2,2,2
3,2,2,3,2,3,2,2
2,2,2,2,2,2,2,2
3,2,2,4,2,2,3,2
2,2,2,1,1,2,2,2
3,1,1,1,1,1,2,1
3,2,3,3,3,3,3,3
3,2,3,3,2,3,3,2
3,1,2,3,2,3,2,3
4,2,4,4,2,2,2,2
2,2,2,2,2,2,2,2
2,2,2,2,2,2,2,2
2,2,1,1,1,2,1,1
3,2,1,1,2,1,2,1
1,2,1,1,2,1,1,2
2,2,2,2,2,2,1,1
3,1,2,3,2,3,1,1
3,2,3,3,2,2,3,2
3,2,3,3,2,3,2,2
2,2,2,1,2,2,2,2
2,1,2,2,1,1,1,1
2,2,3,2,2,2,2,2
2,1,1,2,1,2,1,1
3,1,2,3,1,2,1,1
4,1,4,4,2,3,2,2
3,3,3,3,3,3,3,3
2,1,3,3,1,2,1,1
4,2,4,4,2,3,3,2
3,2,3,3,2,2,2,2
2,2,2,2,2,2,2,2
3,2,3,3,1,2,1,2
3,2,3,3,2,2,3,3
4,2,3,3,2,3,2,2
4,4,4,4,4,4,4,4
4,2,4,4,2,4,2,2
2,2,3,3,2,3,3,2
2,2,2,2,3,2,3,3
3,2,3,3,2,3,2,2
3,3,4,4,4,3,1,3
3,3,3,3,2,2,3,1
3,3,3,3,2,3,3,2
2,2,2,2,1,2,1,2
4,2,3,3,2,3,2,3
3,1,2,2,3,2,2,3
3,1,2,3,2,2,3,2
4,2,4,4,2,4,4,4
3,1,2,2,1,2,2,2
4,3,4,4,3,4,4,3
3,2,2,3,3,2,2,2
2,2,3,2,2,2,2,4
3,2,3,2,1,3,2,1
4,2,4,4,2,4,4,4
4,1,3,4,1,4,1,2
2,1,2,2,1,1,1,1
1,3,2,2,2,2,2,2
4,3,4,4,4,4,4,3
4,2,3,4,2,3,3,3
2,2,2,1,2,2,2,2
2,1,3,3,1,2,1,1
3,3,3,3,3,3,3,3
4,4,4,4,4,4,4,4
3,3,3,4,3,3,3,3
4,2,3,3,3,3,3,3
3,1,2,2,2,2,1,2
2,1,1,1,1,1,1,1
4,2,3,4,2,3,2,2
3,2,3,3,1,3,1,1
4,1,3,4,4,4,4,3
4,4,4,4,4,4,4,3
4,2,3,4,2,4,3,2
4,2,4,4,4,4,4,2
2,1,3,3,1,3,1,1
3,3,3,3,2,3,3,2
2,2,2,2,2,2,2,2
3,2,3,2,3,3,2,2
2,1,2,2,2,2,2,2
4,2,4,4,2,4,2,2
4,4,4,4,4,4,4,4
3,1,2,2,2,2,1,1
3,2,3,3,2,3,2,2
4,2,3,2,1,2,2,1
3,2,3,3,2,3,2,2
4,2,3,4,1,2,1,1
3,3,3,3,3,3,3,3
999,999,999,999,999,999,999,999
3,2,2,3,2,3,2,2
4,2,4,4,3,4,3,3
2,1,2,3,2,1,2,2
4,2,3,3,2,3,2,2
2,2,2,3,2,2,2,2
4,4,4,4,4,4,4,4
2,1,2,2,1,2,3,2
4,3,4,4,3,4,2,2
1,2,1,1,2,2,2,1
2,1,1,1,1,1,1,1
4,2,3,4,3,2,2,2
3,2,3,2,2,2,3,2
1,1,1,1,1,1,1,1
2,1,2,2,2,2,1,2
1,1,2,1,1,2,1,1
4,1,4,4,1,2,2,2
3,1,2,1,3,3,1,2
2,2,2,1,2,1,2,2
2,1,1,2,1,1,2,2
4,2,4,4,2,4,2,2
3,1,1,1,2,2,1,1
3,2,3,3,2,3,3,2
3,2,3,3,2,2,3,3
2,2,2,2,2,2,1,2
3,2,3,3,2,3,2,2
2,2,3,3,1,2,3,2
2,1,2,2,2,2,2,2
4,2,3,4,2,2,2,2
3,2,3,3,2,3,2,2
4,3,4,4,2,3,3,2
3,1,2,3,1,2,1,2
3,2,3,4,2,2,2,2
3,2,3,3,1,3,2,1
3,2,3,3,2,3,3,2
2,3,2,1,2,1,3,2
3,2,3,3,2,3,2,2
3,2,3,2,2,2,3,2
3,2,3,2,2,2,2,2
4,3,4,4,3,4,4,3
4,1,2,4,1,3,3,2
2,1,2,2,1,2,1,1
4,2,3,4,2,3,2,2
3,1,3,4,1,2,2,1
4,3,4,4,4,4,4,3
4,4,3,4,4,4,4,2
3,2,2,3,2,2,3,2
3,2,2,4,2,3,2,2
3,2,2,3,2,2,2,2
3,3,3,3,2,3,3,3
3,2,3,4,2,3,2,2
3,2,4,4,2,3,2,2
2,1,3,3,1,1,1,1
4,2,4,4,2,4,2,2
3,2,3,4,2,3,2,2
999,999,999,999,999,999,999,999
4,3,4,4,4,4,4,4
4,4,4,4,4,4,4,4
4,2,2,4,3,3,2,2
2,1,2,3,2,2,2,2
3,2,2,3,2,1,1,1
3,2,3,3,2,3,3,2
3,3,3,3,3,3,3,3
2,1,2,2,1,1,1,1
3,2,3,3,2,2,2,2
2,1,2,2,1,1,1,1
2,2,2,2,2,2,2,2
3,2,3,3,3,2,2,2
2,1,1,2,2,2,2,2
3,2,3,3,2,3,3,2
3,1,2,3,1,2,3,2
2,1,1,1,1,1,1,1
4,4,4,4,4,4,4,4
2,2,2,2,2,2,2,2
3,1,2,3,2,2,2,2
1,1,1,1,1,1,1,1
3,2,3,4,4,4,4,4
4,2,2,2,2,2,2,2
3,2,1,3,2,2,1,1
2,3,2,2,2,2,2,2
3,1,2,3,1,2,1,1
3,2,2,3,2,2,3,2
2,2,2,2,2,2,2,2
3,1,1,1,2,1,1,1
2,1,1,1,1,1,1,1
4,2,4,4,2,3,2,2
4,4,4,4,4,4,4,4
3,1,2,3,1,2,1,1
2,1,2,3,1,3,1,1
4,4,4,4,4,4,4,4
3,999,999,999,999,999,999,999
3,2,2,2,2,2,2,1
3,1,2,3,1,3,1,1
3,2,2,2,1,2,1,1
4,1,2,4,1,2,1,2
3,2,3,3,2,3,2,2
3,1,2,3,1,2,1,1
2,1,1,1,1,1,1,1
2,3,2,3,2,2,2,2
3,2,3,3,2,4,2,2
3,3,3,4,2,3,2,2
3,2,3,3,2,3,2,2
4,2,4,4,2,3,2,2
3,2,3,4,3,3,2,3
4,1,3,3,1,2,1,1
3,2,3,3,3,3,2,2
3,3,2,3,2,2,3,1
3,2,3,3,2,3,2,2
3,2,3,4,2,3,2,1
3,2,3,3,2,3,3,3
4,2,4,3,2,4,3,3
2,1,2,2,1,2,1,1
3,1,2,2,2,3,2,2
3,2,3,3,2,3,2,2
3,2,2,3,2,2,2,2
2,2,2,2,2,2,3,2
3,1,2,3,1,3,1,1
3,1,3,3,1,2,1,1
3,2,3,2,2,2,2,2
3,2,2,2,3,2,2,2
2,1,2,1,2,1,1,2
2,1,2,2,1,2,1,1
2,2,2,2,2,2,2,2
2,2,2,2,2,2,2,2
2,1,1,2,1,2,1,1
3,1,3,3,1,3,1,1
2,2,2,2,2,2,2,2
3,2,2,2,2,2,2,2
4,2,3,4,2,3,3,3
2,2,2,2,2,2,2,2
2,2,2,2,2,2,2,2
2,2,3,3,3,2,2,2
3,2,3,2,2,2,3,2
1,1,1,2,1,2,2,1
3,1,3,3,2,3,2,1
4,3,4,4,2,4,4,4
3,2,2,2,2,3,2,2
2,1,1,2,1,1,2,1
2,1,1,1,1,1,1,1
2,2,3,3,2,2,1,1
3,2,3,3,2,2,2,2
2,1,2,2,2,2,2,1
4,2,3,3,2,2,2,2
3,3,3,3,2,3,4,2
3,3,3,3,2,3,3,3
4,2,2,2,1,1,2,2
2,2,2,2,2,2,2,2
2,2,2,3,2,2,3,2
3,2,3,3,1,3,2,2
3,3,3,3,3,3,3,3
3,2,3,3,2,3,2,2
2,1,2,2,1,2,1,1
4,2,4,4,2,3,2,3
3,1,3,3,1,3,1,1
3,1,3,3,1,3,1,1
4,2,4,4,4,4,3,2
2,1,2,2,1,2,1,1
4,3,4,4,4,4,4,4
3,2,3,3,3,3,3,3
3,2,3,2,2,2,2,2
2,1,2,3,1,2,1,1
3,3,3,3,3,3,2,2
2,3,3,3,3,3,3,2
3,1,3,2,1,2,1,1
1,1,1,1,1,1,1,1
3,2,3,3,2,3,2,2
3,2,3,3,2,3,2,2
1,1,1,1,1,1,1,1
3,2,3,3,2,2,2,2
2,2,2,2,2,2,2,2
2,2,1,2,2,2,2,2
3,2,3,3,2,2,2,2
999,999,2,999,999,999,999,999
1,1,1,1,1,1,1,1
3,2,3,3,2,2,2,3
3,3,2,2,2,3,3,3
3,1,3,3,1,3,2,1
1,1,4,4,1,1,1,1
3,2,2,4,3,3,3,3
4,4,4,4,4,4,4,4
4,3,3,3,4,3,3,3
1,1,1,1,1,1,1,1
2,2,2,1,1,1,1,1
3,2,3,3,3,3,3,3
3,2,3,3,2,3,3,2
999,999,999,999,999,999,999,999
2,2,2,2,2,2,2,2
3,3,2,3,3,2,3,999
4,1,2,3,2,3,3,3
3,2,2,1,1,2,2,1
4,2,3,3,2,3,2,2
3,1,2,2,1,1,2,2
4,4,4,4,4,4,4,4
3,3,3,3,3,3,3,2
2,2,3,2,2,2,2,2
2,1,1,2,1,1,1,1
2,1,1,1,1,1,2,1
2,2,2,2,2,2,2,2
2,2,3,4,2,2,2,2
1,1,1,1,1,1,1,1
3,2,3,2,2,2,3,2
4,3,3,4,4,4,4,3
4,2,2,3,2,3,3,2
1,1,1,1,1,1,1,1
4,3,4,4,2,4,4,4
3,2,3,3,2,3,2,2
3,2,2,2,3,2,2,2
1,1,1,2,1,1,1,1
3,2,3,3,2,2,2,2
4,2,3,4,1,3,3,3
3,2,3,3,2,3,3,2
3,1,3,3,1,2,1,1
2,1,2,2,1,2,1,1
2,1,2,3,1,2,1,2
3,2,3,3,2,2,3,2
3,3,3,3,2,3,3,2
3,2,3,3,1,3,1,1
2,2,2,2,2,2,2,2
3,1,3,3,2,2,3,2
2,2,2,2,1,2,2,2
2,1,2,3,2,2,2,2
3,2,2,2,2,3,2,2
2,2,2,2,2,2,2,2
2,3,2,2,2,2,3,2
4,1,3,3,1,3,2,1
2,2,3,3,1,3,1,1
2,3,2,2,3,1,3,3
2,1,1,2,1,2,1,1
2,1,1,2,1,1,1,2
2,2,2,2,2,2,2,2
2,1,1,1,2,1,1,1
3,2,3,4,2,2,1,2
3,1,1,3,1,1,1,1
999,999,999,999,999,999,999,999
3,2,3,2,1,2,2,1
2,1,2,2,1,1,1,1
4,1,2,2,1,2,1,2
2,1,1,1,1,1,1,1
3,2,2,2,3,2,3,2
2,1,1,1,1,1,1,1
4,4,4,4,4,4,4,4
3,2,2,3,3,3,3,3
3,2,3,2,2,3,2,2
3,2,3,3,2,3,2,2
4,1,4,2,1,4,1,4
2,2,2,2,2,2,2,2
3,1,3,3,1,3,2,2
2,1,2,3,1,2,1,1
2,1,2,3,1,2,1,1
3,2,3,4,3,3,3,2
2,1,2,3,2,3,1,2
3,2,3,3,1,3,2,2
3,1,3,3,1,2,1,1
2,1,1,1,1,1,1,1
3,3,3,3,2,3,3,2
2,1,2,2,1,2,3,2
3,1,2,2,1,3,1,1
3,1,2,2,1,2,2,1
999,999,999,999,999,999,999,999
2,2,2,2,3,2,3,3
3,1,2,2,1,2,2,2
2,2,2,2,2,2,1,1
4,2,3,4,1,4,1,1
4,2,3,3,2,3,2,1
2,2,2,2,2,2,2,2
1,2,2,1,3,3,3,3
2,1,2,1,1,2,3,1