gender,readfk,mathfk,readsk,mathsk,readff,mathff,readsf,mathsf
0,36.58,39.54,49.37,50.1,50.91,62.72,87.32,96.04
0,50.82,44.44,83.5,58.93,135.8,65.29,155.63,76.33
0,40.68,28.57,40.41,32.81,41.65,53.44,78.09,64.1
1,34.72,26.62,42.06,34.37,45.42,34.73,85.32,79.47
0,38.28,40.88,50.4,38.86,56.4,48.56,87.74,64.08
1,32.57,23.57,34.14,35.25,43.46,44.87,55.64,45.41
1,31.98,19.65,32.84,23.6,46.48,41.47,59.83,38.54
0,50.45,36.27,64.13,53.31,89.95,74.22,132.11,96.92
1,32.49,20.82,38.52,29.09,43.54,30.66,73.21,45.47
0,33.3,26.85,36.72,32.22,44.61,55.21,70.18,61.06
0,65.92,47.36,84.61,59.89,106.62,76.02,127.92,100.46
1,62.43,62.32,99.43,78.65,105.42,113.39,125.74,112.37
1,34.2,22.27,39.87,27.44,47.13,48.11,101.55,73.09
1,38.8,32.57,49,53.96,50.16,51.38,86.21,62.5
1,26.77,15.97,32.86,21.97,38.51,24.54,43.2,43.5
1,48.32,40.94,50.6,48.69,57.69,48.12,85.82,68.88
0,43.01,33.26,46.24,35.24,51.26,51.29,66.48,66.84
0,27.85,20.32,33.9,28.91,39.32,32.69,58.56,63.66
0,27.9,20.23,43.24,31.35,51.46,41.23,73.6,56.75
0,32.44,23.7,40.93,31.04,56.35,38.11,108.46,65.43
0,27.81,18.64,39.6,25.58,53.03,38.59,71.11,43.55
1,33.34,22.53,45.35,31.06,47.83,36.33,76.63,59.46
1,32.05,20.27,40.36,23.57,37.21,41.03,58.38,48.38
1,26.85,25.83,33.15,34.26,34.26,48.97,49.24,48.84
0,30.77,22.93,36.65,32.67,38.21,34.93,52.84,53.35
1,32.96,21.4,37.47,30.99,46.11,37.66,88.84,71.65
1,27.46,13.92,29.66,18.8,42.29,25.57,46.71,33.66
0,43.8,34.63,51.26,40.13,53.72,48.68,73.98,60.41
1,36.67,33.24,36.7,37.2,52.69,51.03,70.22,75.96
0,37.42,29.9,46.36,39.68,47.33,27.16,73.85,46.9
0,38.71,25.87,47.36,46.5,49.48,44.41,65.94,58.74
1,36.05,27.04,43.43,42.97,40.59,57.02,66.98,76.49
1,30.98,30.43,40.15,33.61,46.85,43.95,85.76,58.9
0,30.73,25.25,44.35,38.75,48.82,35.43,59.63,61.21
0,85.91,44.52,120.88,53.18,130.15,48.18,149.83,93.95
1,28.97,21.08,38.83,33.25,51.85,40.12,57.85,66.35
0,30.01,24.71,40.1,35.71,43.13,41.77,68.2,54.54
1,33.47,32.3,44.08,51.85,50.69,60.73,78.98,66.85
1,28.02,20.98,41.49,28.5,43.73,32.19,64.46,33.13
0,36.8,28.95,42.94,42.17,45.96,38.15,87.34,72.46
0,27.24,18.14,46.18,34.73,50.31,59.45,77.29,60.58
0,35.25,29.41,53.71,46.53,64.78,48.43,72.99,56.01
0,30.56,21.03,43.36,32.57,50.54,28.95,76.41,48.29
1,24.67,16.35,29.85,29.25,39.05,37.6,72.63,52.03
0,33.75,17.46,45.1,28.05,48.94,35.69,67.4,51.67
0,35.04,27.45,50.78,38.42,49.7,38.86,66.08,56.95
1,27.76,25.85,46.74,36.5,42.98,46.33,64.14,77.85
0,25.48,17.62,42.59,25.24,44.27,40.48,63.89,39.1
1,35.82,27.5,51.13,40.39,56.91,40.8,87.94,60.5
1,27.38,20.95,47.19,40.06,51.48,36.39,73.54,43.94
1,26.06,13.05,39.33,28.45,49.03,32.13,65.74,47.3
1,28.18,13.48,48.33,31.21,56.66,34.73,65.45,41.87
0,24.91,14.02,30,16.66,31.27,26.02,50.55,45.7
0,23.93,17.59,48.31,38.28,45.96,32.69,76.29,53.91
0,23.57,15.65,42.95,28.83,53.1,33.54,59.37,40.62
1,23.93,18.19,39.01,29.31,42.47,28.9,58.97,48.18
0,24.97,12.38,26.37,17.28,30.72,17.87,40.48,27.61
1,23.64,12.45,27.82,12.81,27.57,14.82,26.33,18.69
0,25.7,18.65,40.05,30.69,46.55,38.84,68.45,55.39
1,24.3,15.28,27.15,27.7,31.82,27.23,62.84,46.33
1,23.21,11.74,40.83,21.63,44.61,31.29,40.96,54.6
0,24.38,17.34,34.57,23.11,40.47,28.27,51.54,36.5
0,32.38,22.12,36.31,27.62,51.46,38.65,84.51,56.87
1,26.4,19.31,37.67,23.86,32.61,27.62,39.27,35.68
1,40.55,33.97,49.72,42.03,47.34,41.08,66.19,92.61
0,39.73,27.35,48.93,37.89,50.47,38.98,72.69,44.52
1,37.23,40.17,50.27,61.34,69.18,75.01,105.91,94.66
0,32.88,19.79,39.73,27.62,45.25,34.85,50.16,46.67
1,25.55,13.36,28.34,29.21,36.22,42.44,48.05,52.86
1,31.15,22.22,44.35,38.97,48.74,42.63,65.97,59.51
0,35.26,30.7,38.69,35.91,45.42,42.45,71.03,55.88
0,38.48,28.58,54.49,32.95,66.39,46.7,85.21,55.85
1,26.99,13.96,34.75,28.34,27.96,33.37,48.53,50.71
0,31.25,20.13,37.32,21.43,41.27,32.12,58.14,44.38
1,29.04,23.93,37.43,37.22,43.06,34.64,50.99,59.41
0,31.91,23.62,39.79,25.58,46.87,32.28,61.23,32.66
1,28.73,12.41,29.58,19.43,34.19,26.52,49.34,44.67
0,38.55,27.56,45.8,34.96,49.43,36.95,63.03,73.89
0,39.51,26.65,47.28,37.35,55.07,48.14,95.29,64.14
1,25.69,17.83,28.14,29.31,37.08,33.42,58.8,64.12
1,24.56,12.2,27.56,18.72,32.38,18.18,31.26,29.84
1,32.03,27.14,40.44,30.81,44.05,34.64,76.5,63.64
0,25.67,19.61,38.31,28.1,44.2,36.52,89.83,67.09
1,30.95,21.46,46.33,33.27,45.43,40.97,65.69,57.43
1,29,18.5,34.76,28.84,43.41,26.53,51.85,37.92
1,27.15,21.48,32.53,23.34,37.65,26.49,44.66,30.27
1,36.37,25.86,41.1,30.82,48.68,40.99,91.63,60.73
1,35.01,29.17,45.07,39.9,50.34,43.41,62,76.38
1,37.79,33.78,57.68,37.68,70.18,48.12,105.26,54.43
0,41.68,24.32,48.01,34.58,54.01,37.49,66.78,54.92
1,75.86,43.2,109.48,73.23,125.37,76.44,126.15,88.19
1,48.74,22.73,79.14,43.68,98.48,44.44,122.49,61.69
0,38.18,23.78,49.94,34.98,63.54,41.17,74.97,48.53
0,34.73,21.04,37.56,33.68,41.79,28.99,52.03,40.84
1,36.11,26.18,41.02,34.4,42.07,39.42,64.12,66.3
0,40.23,20.27,38.65,28.03,45.87,34.66,66.17,40.86
1,25.63,13.33,35.37,23.61,29.27,29.87,60.01,51.57
1,27.51,19.83,37.09,28.14,47.22,31.62,57.1,45.58
1,49.83,46.38,78.87,58.69,76.82,57.3,126.86,89.01
1,49.61,43.91,57.05,57.15,76.7,82.48,124.81,72.7
0,40.34,29.05,44.33,32.47,38.75,34.43,66.12,56.86
0,29.47,21.88,42.85,34.47,43.06,35.8,86.92,53.84
1,27.63,16.91,30.04,35.1,37.08,32.53,41.37,42.23
0,51.52,47.72,86.53,53.84,105.37,100.84,126.85,92.33
1,49.48,34.71,58.05,46.93,64.71,53.43,97.16,71.97
1,30.79,28.82,40.85,36.11,52.35,45.33,88.31,64.53
0,59.67,47.11,76.44,73.5,78.05,101.45,89.84,106.94
0,39.14,22.45,49.3,33.79,59.22,42.39,101.05,49.94
0,41.46,30.8,51.79,46.98,59.68,59.72,90.96,67.39
1,33.56,28.51,46.94,37.59,52.19,49.6,106.36,70.35
0,42.69,29.19,42.28,46.16,53.98,52.9,65.82,55.42
0,27.11,16.15,35.34,20.46,45.89,30.9,62.45,53.76
1,25.95,14.34,27.95,21.06,39.41,21.95,67.47,41.53
0,38.5,20.68,39.28,28.86,58.39,34.47,61.17,51.4
1,30.91,25.37,43.1,36.75,37.63,35.74,68.32,54.72
0,29.94,29.48,43.29,46.75,41.8,50.12,53.8,80.93
0,29.44,23.87,36.59,20.36,30.38,22.53,51.98,39.14
0,27.56,22.37,31.75,38.04,40.37,43.86,64.85,50.49
0,37.8,25.84,42.03,28.4,50.27,43.05,72.57,55.42
1,32.96,26.34,48.19,39.26,51.89,47.4,78.07,64.1
0,30.07,24.69,39.71,36.16,48.97,38.92,58.06,43.29
1,32.24,26.29,42.22,30.04,43.74,30.58,66.94,50.73
0,35.12,28.62,42.01,45.61,45.19,55.48,76.26,74.4
0,34.51,27.38,42.83,35.46,48.1,40.27,63.37,50.06
1,29.6,18.65,39.5,21.53,47.15,26.02,61.19,52.85
1,30.93,25.32,42.83,33.35,50.67,52.08,77.98,80.2
0,34.88,28.46,41.38,39.94,57.49,47.45,94.85,72.41
1,30.2,21.56,35.64,31.37,42.04,28.54,56.75,43.12
1,22.23,12.62,26.3,12.83,32.62,16.14,44.19,25.73
0,27.89,13.93,30.48,17.41,31.55,18.28,48.08,27.27
0,35.7,20.55,39.28,28.31,48.37,33.19,58.14,45.51
1,48.56,45.19,60.56,71.4,87.46,75.49,115.2,118.51
1,27.09,27.13,30.04,47.47,34.42,43.1,67.59,68.85
0,25.05,15.14,33.69,19.56,38.97,28.85,79.17,50.58
0,32.86,17.28,34.98,25.32,44.68,26.37,56.73,33.46
1,26.25,13.24,28.02,21.39,31.34,24.56,37.4,32.86
1,34.68,28.93,40.42,39.6,41.42,43.72,63.17,55.76
1,38.92,30.77,51.97,36.45,75.6,38.37,106.05,61.54
1,23.96,29.01,45.32,36.44,45.87,42.81,57.9,61.43
0,26.28,19.71,27.4,18.68,28.43,23.4,33.95,19.64
0,29.26,17.61,43.46,25.48,51.82,28.53,74.39,41.98
0,33.9,24.19,41.36,34.07,40.71,39.92,76.24,55.11
0,26.95,13,29.42,20.31,35.52,20.97,44.59,26.34
1,41.24,25.78,46.39,43.02,68,39.6,62.67,53.1
0,25.46,17.41,36,24.6,45.24,30.15,50.08,35.98
1,24.25,19.39,28.34,24.43,33.05,26.14,38.92,44.75
0,37.55,22.2,40.8,31.43,47.47,40.27,83.5,50.76
1,33.12,12.86,37.67,25.15,40.44,27.78,44.89,34.98
0,39.69,19.84,47.33,23.74,48.87,42.6,75.65,62.89
0,36.22,25.48,39.27,28.04,51.89,33.82,75.58,48.29
0,35.87,20,43.66,24.98,46.6,28.27,65.64,43.42
1,31.51,18.76,42.56,25.59,57.19,28.97,64.03,45.71
0,46.1,29.53,63.66,35.57,64.06,45.12,107.9,55.08
1,27.09,21.63,38.85,31.3,38.3,41.47,67.76,49.92
1,26.34,20.86,33.71,29.26,39.05,28.94,48.5,40.58
0,30.83,20.3,37.15,35.94,43.58,35.48,59.08,42.17
0,25.69,21.42,27.69,24.72,37.2,32.64,57.06,60.37
1,27.97,28.15,39.25,36.34,44.72,42.44,71.84,60.59
1,27.19,17.88,38.16,25.98,39.77,33.37,50.8,46.07
0,39.77,28.5,41.84,35.13,44.66,35.04,75.32,49.14
0,48.38,36.98,70.77,38.51,97.52,49.97,125.86,65.18
1,33.64,33.19,37.21,41.94,50.78,53.64,77.72,93.52
0,27.82,28.69,41.7,31.36,42.13,72.67,71.23,87.77
0,28.77,16.44,38.08,20.85,46.7,24.82,42.97,25.36
0,30.53,19.65,38.85,26.87,46.83,32.22,78.96,56.15
1,33.44,26.2,35.55,41.25,47.15,46.06,66.46,55.63
1,33.37,29.47,36.36,33.18,49.15,38.73,73.91,49.61
0,31,24.6,34.65,28.68,40.53,31.71,70.62,54.24
1,33.12,19.57,36.08,31.44,49.04,43.65,62.92,48.63
1,33.02,21.07,41.38,28.64,46.43,37.6,60.76,53.65
1,31.15,24.17,39.7,27.71,51.13,38.7,76.39,55.21
1,33,41.79,37.79,46.9,49.18,61.14,88.77,90.66
1,28.84,19.77,32.48,30.58,53.09,40.55,97.71,69.67
1,26,17.97,30.72,21.91,33.42,24.54,34.34,41.52
0,32.83,19.64,35.99,26.86,46.48,29.67,78.22,56.66
1,26.43,20.39,36.47,32,42.23,48.81,75.8,44.55
0,29.75,18.58,42.05,27.74,49.25,36.67,78.47,58.66
1,46.25,40.64,49.53,42.63,56.1,43.91,115.12,82.58
0,33.73,24.98,40.09,34.8,51.16,27.75,83.3,45.08
1,23.85,18.07,27.84,21.63,28.18,22.25,38.32,33.13
0,32.27,19.78,36.83,25.55,40.38,35.15,65.38,56.91
1,47.8,40.11,57.98,47.56,64.49,67.18,107.12,60.49
0,48.56,45.53,62.75,55.93,70.67,87.17,101.05,68.45
1,36.14,55.17,50.18,69.39,51.68,61.5,73.99,105.5
1,43.25,39.9,61.8,41.24,74.84,60.6,105.41,92.37
0,56.44,47.25,78.06,50.15,106.61,54.93,125.72,105.19
0,52.33,36.37,85.73,56.38,85.95,74.47,138.38,94.03
1,33.61,35.33,50.14,46.25,59.82,56.27,106.05,55.66
0,60.05,44.39,99.14,58.85,102.47,74.95,130.43,101.45
1,39.02,37.89,56.48,49.45,63.88,56.21,75.69,61.4
1,30.86,21.31,46.95,45.74,49.09,38.18,75.74,71.14
0,30.31,17.33,44.63,30.62,44.88,30.09,65.43,45.81
0,37.49,28.91,44.62,35.31,76.78,52.28,78.75,57.74
1,25.49,13.39,36.42,24.53,36.07,23.69,44.25,32.69
1,31.92,18.21,39.02,34.15,41.37,31.49,70.6,52.61
1,35.67,46.35,49.82,59.69,59.22,57.29,90.79,77.21
1,32.8,26.73,35,28.47,37.53,42.85,63.55,68.64
1,24.99,17.45,30.04,21.07,38.1,22.33,56.72,42.28
0,49.66,31.02,86.76,46.26,101.27,45.62,134.13,62.88
1,30.95,29.58,38.93,34.86,40.53,39.24,60.86,60.43
0,42.22,28.88,46.04,36.85,50.89,35.87,74.79,60.19
0,24.5,15.54,27.89,17.73,24.52,21.81,68.11,27.3
0,25.39,17.83,36.22,32.67,42.05,30.14,59.43,37.6
1,43.45,38.35,74.53,57.87,97.17,45.78,148.15,88.35
1,36.53,32.74,51.37,49.32,65.98,60.73,124.48,75.21
1,25.24,21.3,33.65,27.63,37.57,34.45,51.48,40.42
1,31.3,26.68,40.36,27.46,52.16,40.52,89.17,56.92
0,48.88,31.2,52.32,42.17,52.77,42.37,64.79,67.33
0,35.66,26.98,44.22,42.89,52.4,49.14,82.04,82.47
1,24.82,15.98,28.09,21.8,33.61,24.47,50.57,33.68
1,22.83,12.55,28.2,13.08,30.4,18.81,46.49,23.55
1,28.14,26.72,32.53,46.79,43.58,48.66,70.09,72.09
0,40.68,28.63,44.63,34.76,47.01,44.71,66.76,63.39
0,49.46,37.81,76.16,37.67,93.33,49.37,146.28,74.38
0,23.54,17.83,29.17,19.46,31.82,27.66,48.32,35.05
1,25.07,13.38,31.22,19.73,35.26,20.86,49.66,49.24
1,23.04,13.29,28.07,18.44,30.2,17.69,47.56,39.44
1,27.43,21.05,35.81,23.86,38.92,34.88,52.07,35.66
1,29.58,28.78,45.33,44.55,48.84,47.38,59.6,63.25
1,32.64,36.24,36.09,51.04,52.09,51.82,62.32,86.4
1,35.42,39.55,48.35,64.73,59.73,88.27,75.96,75.1
1,24.95,17.4,36.44,42.87,42.32,51.61,52.57,61.65
0,33.88,33.25,45.99,38.98,51.8,51.61,55.76,62.01
0,34.41,28.63,35.41,30.41,44.82,34.73,63.63,44.42
1,24.5,17.99,32.6,32.57,42.47,30.1,74.91,51.56
1,24.96,17.85,29.12,28.03,40.06,30.88,65.45,55.4
0,24.02,20.42,32.22,22.7,31.52,38.23,40.12,46.62
1,24.02,12.72,25.88,15.21,30.64,17.31,38.8,22.72
1,24.39,18.03,32.98,28.59,37.12,32.61,51.33,38.99
1,24.06,17.8,32.22,20.65,44.34,25.37,43.69,29.99
0,41.12,22.33,46.02,30.47,63.25,44.87,88.44,57.49
1,32.1,19.97,38.05,29.45,40.79,35.77,77.87,57.6
0,45.72,40.7,50.34,46.57,66.94,61.66,106.02,69.9
0,30.73,16.5,34.09,19.67,42.14,25.57,47.28,29.52
1,26.45,18.57,35.26,23.19,33.03,24.59,52.86,35.91
0,31.65,18.22,38.55,25.81,48.76,34.42,72.16,56.92
0,41.33,32.34,47.5,38.25,57.58,48.7,64.99,59.69
1,32.05,22.93,39.52,29.79,47.36,32.63,64.77,49.44
1,35.52,22.84,38.95,27.43,47.43,37.71,72.09,64.44
1,26.72,24.52,33.98,30.73,39.02,32.41,53.8,33.13
1,24.58,12.43,37.46,28.34,32.54,27.36,42.07,33.39
0,38.88,33.13,42.42,43.97,33.03,44.91,51.53,69.07
0,30.63,21.62,44.75,35.68,42.59,26.52,57.99,25.26
1,36.16,39.66,56.13,38.68,63.12,49.41,91.54,86.25
1,27.6,19.85,37.14,26.89,41.79,30.19,42.01,34.96
0,33.02,22.3,37.33,28.24,33.14,46.49,55.37,51.63
1,29.2,22.35,37.84,35.92,41.27,30.81,54.14,39.82
1,25.14,10.79,24.44,11.57,29.16,13.4,33.9,16.45
1,32.89,26.03,40.04,33.68,45.62,39.93,74.23,68.71
0,32.58,24.02,48.07,32.75,50.82,48.19,92.18,56.55
0,38.09,28.25,45.58,32.68,44.92,38.84,50.45,50.28
1,36.67,25.14,48.13,38.97,48.85,30.01,66.33,36.17
1,29.09,29.95,41.79,39.69,48.25,56.82,94.28,85.94
1,32.93,22.47,36.86,27.9,37.24,28.47,48.26,40.64
0,33.21,24.19,44.16,28.01,48.06,31.34,88.94,55.05
0,33.93,25.04,40.76,33.08,47.02,39.67,76.25,64.23
1,26.01,18.69,28.53,20.97,43.88,27.37,66.44,44.06
1,33.41,24.67,48.25,31.57,56.02,35.04,74.82,50.28
0,25.32,19.36,38.4,28.09,41.8,30.3,66.58,40.64
0,28.75,18.45,31.12,21.04,33.78,19.04,40.59,31.48
0,31.96,26.49,41.53,28.93,46.37,38.23,74.29,48.11
1,34.24,25.84,43.86,31.41,46.05,34.62,59.69,51.26
1,35.24,22.22,36.12,24.24,38.87,30.69,59.69,41.45
0,33.54,26.56,48.6,37.21,48.04,41.4,67.24,63.05
1,27.73,17.51,41.19,28.75,48.22,38.87,92.66,53.14
0,24.24,16.48,39.79,18.94,40.62,23.14,52.69,35.69
0,35.34,28.66,41.38,32.7,46.24,43.18,72.35,71.19
1,23.55,16.13,33.54,19.98,36.15,21.66,53.28,27.82
0,27.88,15.77,48,37.76,43.15,45.07,90.76,55.42
1,32.25,20.98,47.73,25.79,53.55,39.51,69.88,47.99
1,35.87,30.47,53.67,41.09,49.06,60.42,63.6,110.39
0,32.75,21.98,39.82,26.1,40.53,34,65.13,40.38
0,24.8,15.4,45.91,29.39,47.32,38.72,54.9,45.37
1,34.24,29.02,51.15,35.22,51.72,38.84,105.95,70.14
0,30.69,20.65,41.57,32.51,47.83,30.01,76.42,51
1,31.33,20.68,45.47,21.42,50.59,22.02,77.1,39.55
1,37.24,32.41,51.07,35.63,55.68,41.11,74.69,47.33
0,32.2,27.76,53.28,40.42,66.39,43.59,98.77,96.67
0,34.28,26.36,46.66,38.69,49.72,36.32,69.61,57.84
1,29.24,28,46.67,40.19,50.78,39.18,56,53.61
0,38.75,31.67,50.51,42.17,53.98,53.14,74.69,57.05
1,24.92,19.26,36.07,29.29,47.61,31.81,64.89,48.1
1,26.74,11.78,27.37,15.86,28.22,13.2,49.21,24.39
1,36.18,28.39,51.57,42.39,52.21,47.95,102.84,53.2
0,28.62,17.59,43.14,26.57,51.48,38.07,92.54,46.7
0,37.27,27.99,49.09,42.05,50.42,38.65,88.85,66.34
1,28.06,15.64,33.73,14.8,39.02,23.6,50.29,29.82
1,28.55,19.77,38.52,27.43,45.74,36.93,71.84,48.12
0,28.33,20.33,31.9,24.07,28.89,26.06,47.51,40.36
1,30.75,23.29,31.74,24.36,35.03,28.12,64.78,44.23
1,27.31,18.61,37.73,24.67,44.23,36.05,58.41,42.83
0,31.03,28.61,46.02,36.53,48.47,35.7,66.5,60.4
1,32.06,33.02,51.6,41.58,49.21,47.27,65.65,67.93
0,33.36,25.35,47.77,32.48,47.15,41.9,67.96,51.56
0,25.71,17.73,41.04,23.23,47.33,28.74,73.72,57.52
1,33.77,31.74,44.61,45.16,49.92,59.46,65.78,97.07
0,39.39,28.73,55.12,45.26,66.98,52.59,104.03,73.55
0,39.84,26.32,53.53,42.46,61.51,45.8,76.49,73.18
1,34.43,31.5,50.1,39.86,52.38,67.86,91.75,98.06
0,51.6,30.39,107.99,38.94,132.42,47.79,127,62.59
1,32.17,22.81,40.88,29.97,43.16,26.31,52.42,59.57
0,28.94,22.07,45.39,35.47,55.75,33.51,84.71,65.94
0,37.57,28.57,47.45,43.73,49.23,49.99,65.51,64.49
0,28.89,31.42,40.46,33.34,42.29,44.57,59.47,69.91
0,25.34,16.45,26.54,18.33,32.33,23.77,48.17,28.59
1,22.44,12.99,23.87,16.71,28.17,15.78,37.52,29.42
1,32.31,21.61,37.12,25.96,33.45,35.64,52.19,52.57
0,35.13,34.01,54.11,48.91,52.13,51.52,102.57,67.73
1,37.1,32.1,58.6,56.23,68.42,57.62,125.98,75.99
0,50.04,29.72,66.17,44.57,105.65,65.27,128.06,84.36
1,42.96,33.35,50.57,40.59,102.76,56.14,113.82,61.84
1,45.3,42.25,83.65,66.15,91.11,65.22,107.37,64.81
1,39.96,27.1,46.36,41.66,53.97,36.46,93.17,76.96
1,60.12,38.77,90.09,54.87,107.97,66.17,124.98,69.86
1,34.34,25.2,48.71,37.56,58.81,36.5,88.65,52.12
1,39.82,32.51,51.93,41.13,60.59,40.54,67.22,61.8
0,26.61,22.37,45.85,43.66,53.84,41.25,64.35,63.97
1,35.62,25.88,55.34,29.72,61.72,53.08,75.44,48.87
0,46.14,36.99,48.2,43.23,66.39,52.45,76.58,56.59
1,36.86,26.71,50.83,34.75,51.83,34.59,79.24,56.32
0,46.82,33.61,61.42,51.57,62.97,49.13,77.02,57.18
0,36.34,16.76,49.24,31.27,52.71,35.96,65.13,50.04
0,102.8,40.85,93,43.33,124.23,50.98,107.55,84.01
1,36.49,36.72,52.01,55.47,60.36,65.14,72.06,90.14
0,30.5,18.63,45.25,20.22,54.55,21.14,59.15,36.4
1,32.58,34.27,62.23,45.69,78.35,54.35,130.92,95.53
1,23.35,19.63,50.99,30.21,52.01,41.94,75.28,51.65
0,39.88,31.7,60.38,45.55,85.33,51.43,99.63,37.33
1,34.02,29.14,40.32,36.83,41.23,34.27,62.75,56.44
0,41.63,25.64,63.27,46.12,66.07,46.21,90.62,67.03
1,23.62,11.48,38.52,19.46,27.96,20.84,36.55,25.56
1,27.4,12.56,41.95,21.61,44.33,23,46.65,28.46
0,27.84,20.8,35.24,28.69,46.11,33.48,67.29,46.91
0,26.9,20.3,49.42,23.99,42.7,45.07,61.16,71.16
1,32.31,19.6,37.15,27.47,48.52,30.44,64.71,48.07
1,30.52,19.26,30.52,28.95,34.05,46.47,78.07,66.29
0,37.34,27.47,62.43,35.84,86.62,37.72,117.33,60.24
1,45.32,26.76,50.41,47.59,57.58,41.98,87.51,65.79
0,36.37,35.99,61.28,41.79,58.03,46.76,93.12,53.69
1,26.66,13.54,34.74,21.24,37.08,24.18,42.7,30.13
0,30.9,19.08,45.85,36.52,51.46,44.74,76.26,60.71
0,31.31,22.03,34.15,37.74,46.05,40.16,72.38,59.78
0,34.69,22.84,48.8,31.13,60.07,41.69,87.37,37.5
1,34.37,21.26,49.09,29.82,53.03,37.69,88.39,85.61
1,24.84,18.09,50.63,28.48,49.74,36.43,75.67,55.34
1,43.38,25.53,50.72,40.6,54.11,34.7,76.25,58.42
0,22.24,13.59,40.17,19.38,37.33,15.97,50.77,38.16
1,31.42,19.32,27.88,22.99,32.07,39.13,42.86,49.87
1,27.3,17.3,30.89,30.42,36.67,38.14,49.73,42.62
0,37.77,31.04,51.26,40.33,52.14,39.38,90.79,74.22
1,30.62,31.14,39.83,48.47,47.29,44.69,62.55,36.91
1,56.79,44.31,111.92,74.5,126.37,77.35,154.13,102.68
1,35.59,25.06,40.31,35.91,50.95,44.76,74.09,53.6
1,32.59,20.41,37.76,30.22,39.06,38.69,55.61,43.78
0,47.45,29.58,48.17,45.21,51.91,45.04,61.65,60.1
1,35.25,44.77,53.06,48.43,65.98,80.87,108.99,91.68
1,36.84,32.84,38.1,36.59,41.84,37.39,67.49,37.13
0,43.97,33.38,50.52,38.44,65.31,48.15,117.01,91.53
0,34.01,22.93,38.04,29.55,39.05,44.07,65.97,77.1
0,30.4,19.39,30.55,24.36,37.31,31.49,53.88,62.41
0,30.96,22.67,46.06,33.55,61.76,41.71,113.53,63.54
1,40.5,25.55,43.12,36.53,47.66,30.93,65.45,50.48
0,34.4,21.34,47.4,32.42,46.05,42.81,42.72,44.33
0,49.97,41.16,64.78,53.48,76.82,90.16,126.87,104.86
1,32.28,24.84,46.96,38.88,61.08,45.34,107.53,60.15
1,36.13,26.83,56.12,36.83,55.38,38.1,83.21,60.56
1,57.5,52.82,84.71,65.3,86.36,54.93,124.51,88.61
0,45.39,30.27,54.24,37.68,63.12,43.74,94.27,88.61
1,28.87,33.97,50.26,42.66,48.71,42.19,80.86,70.34
0,32.41,19.8,46.25,40.82,51.91,41.74,65.94,46.52
0,34.17,28.08,47.9,40.09,51.17,37.85,107.31,83.78
0,46.37,32.18,69.55,42.73,87.16,50.41,121.52,65.44
1,31.51,25.98,47.57,31.8,46.7,36.78,77.25,62.89
0,54.1,42.62,95.84,49.75,102.9,61.27,141.73,89.01
0,33.51,29.43,55.67,51.97,55.97,48.08,108.46,86.5
0,46.28,31.02,53.17,42.93,53,41.48,80.41,85.17
1,34.33,19.15,33.61,25.25,40.66,38.34,64.21,31.45
1,28.62,23.26,34.15,23.25,39.44,31.49,59.11,50.88
1,22.68,21.59,33.81,27.1,34.05,38.97,51.4,53.92
0,46.56,39.05,48.57,47.27,51.24,55.3,56.55,36.47
0,35.37,29.98,51.08,46.74,59.68,55.48,76.54,82.18
1,31.5,20.2,31.95,29.21,46.89,43.57,55.71,48.43
1,27.36,20.39,36.06,26.58,56.54,33.35,106.25,65.54
0,28.09,24.61,39.94,31.46,46.14,49.26,64.57,54.26
1,49.11,56.43,51.94,75.51,71.5,72.98,96.53,100.3
0,29.23,22.84,49.45,33.03,61.19,31.25,77.67,52.74
1,32.66,28.95,37.45,32.55,42.82,44.42,63.15,75.44
1,26.97,20.2,41.16,29.5,48.6,33.96,75.98,40.9
1,29.01,20.14,29.17,23.3,34.19,26.12,42.48,42.48
0,36.81,25.69,36.39,32.49,34.2,45.72,63.3,53.19
1,28.72,32.66,35.99,36.31,50.16,30.6,102.01,76.17
0,104.33,48.59,151.62,71.87,152.79,77.49,144.21,83.53
0,27.87,20.4,32.41,34.54,37.7,28.89,56.8,35.29
1,25.03,14.78,28.69,18.85,38.11,18.29,38.26,30.11
1,24.95,12.56,25.57,19.38,30.72,16.85,39.32,39.1
1,28.46,14.44,26.33,24.12,29.09,37.56,46.41,58.93
1,46.28,28.55,58.86,43.65,76.21,53.4,105.84,69.85
0,85.2,37.88,102.93,45.03,136.49,53.28,126.99,81.07
0,38.9,30.22,66.12,46.93,79.11,56.34,88.41,67.17
1,26.61,21.57,39.31,29.58,38.12,35.25,65.18,49.21
1,34.65,19.99,42.56,36.21,46.3,41.35,73.96,55.71
1,47.15,45.41,58.82,54.49,102.25,68.29,101.18,87.27
1,39.84,35.77,50.5,43.08,66.22,50.98,72.53,79.78
0,34.78,22.34,43.81,26.84,53.03,29.74,84.52,41.32
1,31.24,20.55,42.37,31.07,52.35,38.22,56.82,41
0,27.14,14.01,36.57,24.11,42.65,33.64,47.28,46.88
1,31.59,29.4,44.49,49.11,46.74,46.14,73.75,57.4
0,31.3,21.83,45.87,32.11,52.1,37.89,75.84,54.5
1,38.49,25.66,40.26,22.22,43.63,28.66,59.2,31.22
0,36.72,28.62,44.49,44.33,49.85,47.61,88.46,76.85
1,34.72,22.89,42.52,46.15,36.48,44.31,53.51,65.49
1,31.63,20.17,37.67,25.18,41.97,30.94,64.38,48.71
1,30.12,20.84,45.78,39.43,42.38,37.52,54.51,62.94
0,32.89,24.66,37.55,30.51,45.62,29.64,86.21,48.83
1,39.31,20.78,33.73,23.54,49.94,32.23,64.95,90.88
1,34.43,27.47,41.69,50.98,49.59,47.99,57.87,80.95
1,24.24,15.41,31.53,22.43,29.33,19.86,42.38,29.98
0,37.11,23.86,38.9,29.22,52.14,47.55,53.38,43.25
1,43.26,28.67,58.01,32.61,75.39,44.21,94.11,61.32
1,27.92,21.96,49.6,36.37,53.03,35.8,45.59,56.38
0,34.32,18.73,41.54,25.83,46.43,30.78,60.53,47.3
0,43.19,36.16,54.14,52.29,62.9,76.55,106.26,105.28
0,31.44,25.78,35.06,31.21,46.39,45.49,76.44,59.69
1,32.08,16.05,35.27,27.29,36.92,41.25,74.86,61.22
1,27.53,21.62,35.52,31.11,41.23,38.65,91.48,64.97
0,31.96,24.64,33.08,27.35,40.64,35.04,66.31,51.49
1,31.84,21.12,39.43,31.77,51.33,50.83,88.27,55.01
0,43.87,29.62,46.66,49.6,47.04,49.61,90.78,78.49
1,25.14,25.7,27.97,30.53,41.3,46.33,99.45,70.18
1,40.15,43.3,42.11,53.41,46.87,58.65,81.73,76.73
0,30.14,21.92,37.46,44.86,44.14,45.8,82.25,55.29
0,38.53,33.85,44.25,46.31,51.99,44.6,78.39,58.95
1,23.78,19.71,33.03,33.4,40.76,40.54,65.14,42.56
0,30.1,24.43,44.94,31.71,57.45,43.81,111.28,62.93
0,47.79,38.4,52.1,44.99,77.53,58.65,135.81,78.16
0,31.73,28.7,44.34,42.29,48.05,54.15,78.86,62.69
1,29.7,15.23,39.52,26.86,43.54,35.43,68.52,64.34
1,29.69,22.45,35.91,31.3,40.79,44.18,78.07,76.45
0,35.34,27.93,46.16,45,56.93,53.84,82.98,81.07
0,38.64,32.42,51.7,60.24,69.75,76.55,109.82,86.75
1,26.79,19.72,33.4,27.69,36.37,25.35,38.48,37.41
1,27.06,19.3,38.83,28.73,44.25,34.93,57.53,60.66
0,42.44,32.18,66.39,60.76,85.9,90.35,142.95,80.81
1,26.57,25.65,42.86,44.74,42.27,40.59,69.45,69.41
0,25.1,19.41,46.02,39.88,49.15,54.83,99.13,64.98
1,27.12,17.82,40.87,26.55,49.89,36.85,76.54,52.13
0,27.9,21.25,43.84,32.45,49.72,41.23,66.35,59.36
0,32.07,14.36,35.31,21.55,34.8,34.17,66.31,47.8
1,30.76,19.84,44.63,49.5,45.42,48.65,82.27,63.49
0,43.02,34.22,52.17,44.8,55.89,43.46,66.21,75.56
1,32.34,20,41.96,31.88,42.54,32.5,77.82,52.09
1,27.24,15.62,35.5,28.85,36.09,41.03,44.12,51.24
1,29.58,19.33,43.06,21.49,44.74,26.72,53.94,47.87
1,26.18,17.17,41.02,28.1,49.93,48.81,85.59,56.15
0,25.81,24.26,47.95,43.02,47.48,41.72,73.08,56.87
1,27.8,14.95,41.09,26.52,44.61,23.27,49.81,27.96
0,32.72,19.33,43.71,27.66,46.12,29.89,65.72,40.07
1,33.99,22.32,49.29,38.65,56.18,50.2,66.38,61.6
0,25.05,16.18,42.66,23.16,46.16,22.57,39.24,26.08
0,26.14,25.11,36.01,25.02,44.01,32.93,58.34,50.53
0,46.13,30.16,56.19,32.58,66.67,40.1,90.9,65.1
1,34.6,29.51,54.48,44.1,55.84,43.99,67.25,49.9
0,29.5,19.26,43.84,31.65,48.5,37.44,96.39,47.93
1,25.32,19.54,38.6,35.19,43.92,31.28,66.37,43.21
0,44.29,30.03,50.84,36.83,68.36,43.18,88.11,56
1,29.51,20.16,43.98,26.83,51.37,29.67,75.91,56.78
0,41.29,26.05,51.24,45.84,49.14,37.01,102.27,84.36
0,22.68,12.8,34.31,26.65,42.23,31.32,61.59,42.45
0,35.35,27.99,38.45,44.09,50.3,45.11,91.54,59.25
1,27.32,14.54,24.1,11.9,29.64,15.59,35.67,14.97
1,35.7,19.36,46.06,27.39,52.25,23.85,88.63,44.14
1,27.71,17.8,35.57,25.67,60.38,37.54,59.15,56.96
1,31.92,24.17,44.16,29.63,45.42,29.22,58.74,41.64
1,24.2,14.13,24.01,12.07,26.97,15.59,25.72,13.88
1,32.75,23.55,49.86,44.26,43.36,40.12,75.09,56.87
0,35.97,19.34,38.33,33.17,48.9,35.77,75.47,56.34
1,37.73,28.3,43.21,47.74,43.54,69.73,66.46,91.55
1,32.85,18.78,38.95,31.15,54.94,43.65,87.75,60.2
1,22.53,11.08,22.98,11.62,29.16,14.82,34.48,13.48
1,35.86,22.4,35.74,27.23,40.1,28.11,70.76,58.65
1,26.43,13.66,26.69,11.63,37.08,17.8,32.54,20.66
1,27.05,13.93,34.59,15.28,37.16,15.99,36.06,20.48
1,23.93,18.88,26.17,20.31,38.97,40.51,76.9,70.09
1,26.86,18.81,30.27,22.05,36.67,16.85,41.57,31.03
1,25.46,15.17,24.28,17.3,27.53,19.81,38.88,27.63
1,27.37,18.57,33.11,23.74,43.51,28.46,65.51,63.43
0,27.89,22.38,40.59,28.14,51.4,40.4,89.7,67.36
0,28.96,24.01,47.5,38.01,50.08,55.84,88.38,61.04
0,29.09,16.4,34.63,23.97,43.85,26.62,54.07,42.28
0,27.53,20.12,34.89,23.93,45.25,39.51,84.18,55.66
1,29.41,22.46,32.77,37.05,35.21,44.59,60.37,55.36
0,32.44,20.92,36.34,19.47,46.91,27.47,47.7,34.37
0,45.96,52.78,62.5,55.04,88.05,64.76,135.66,86.5
0,28,26.15,38.65,31.61,42.63,39.21,52.04,42.02
0,27.26,23.61,37.86,34.13,43.97,41.53,84.43,53.63
0,30.9,21.88,49.18,33.09,48.87,40.96,67.43,68.14
0,36.2,31.74,41.83,47.66,50.73,53.87,74.49,67.68
1,22.76,19.86,23.51,12.02,27.12,17.31,31.26,18.81
1,39.85,24.22,38.36,31.01,41.57,28.36,62.97,53.61
1,24.56,12.89,32.04,26.14,46.91,38.63,66.71,53.47
1,22.51,15.74,25.6,17.51,29.61,18.28,38.48,22.05
0,26.93,23.26,39.86,30.66,40.86,41.05,63.42,47.85
0,26.15,19.17,30.64,25.34,39.49,34.42,61.72,31.7
1,33.28,22.1,39.34,30.8,50.9,38,85.23,71.55
1,30.71,29.53,49.5,49.4,52.75,52.73,67.1,73.03
1,34.23,34.08,54.29,45.87,61.46,48.85,72.51,80.82
1,30.07,24.85,47.03,29.93,66.24,41.08,96.31,54.85
1,37.81,26.52,44.3,29.69,46.11,39.52,58.87,45.79
0,45.86,32.98,65.04,54.13,75.61,48.41,125.94,70.02
0,29.58,15.33,40.79,24.36,44.21,33.17,50.8,40.68
1,25.86,14.03,30.72,18.32,37.66,29.11,43.5,34.16
0,26.95,18.42,45.13,27.63,39.89,28.33,65.26,42.93
1,35.46,39.9,48.35,35.27,52.28,51.03,66.14,64.93
1,43.36,38.06,57.31,41.57,73.45,44.6,118.2,68.79
1,28.63,19.77,37.25,26.41,35.28,27.47,47.88,35.62
1,25.54,17.25,34.18,28.95,33.21,32.7,63.62,55.87
0,30.81,21.1,39.36,32.37,42.33,37.94,74.07,41.35
1,26.69,18.27,42.37,31.32,42.89,30.91,72.5,68.11
0,28.78,21.37,42.92,22.07,40.62,37.26,69.22,50.63
1,28.56,12.57,32.25,25.14,39.6,32.92,71.02,64.31
1,35.32,24.81,49.75,44.06,51.68,44.34,67.94,55.63
1,30.53,26.74,48.7,35.42,44.09,41.35,86.11,64.03
1,28.24,14.35,36.65,20.56,41.41,37.01,50.86,42.03
1,39.32,17.66,43.07,29.07,58.22,34.03,91.72,43.83
0,43.19,32.63,58.06,49.11,65.79,58.85,88.35,64.88
1,28.97,19.78,44.67,47.37,45.24,47.62,42.14,56.01
0,36.42,25.12,45.84,37.81,48.58,44.61,84.22,63.58
0,36.84,23.87,42.36,35.3,53.65,46.63,75.47,44.97
0,25.24,18.51,31.59,24.75,40.15,27.79,56.78,62.5
1,24.97,14.9,30.65,28.81,30.99,36.01,55.52,52.35
0,28.03,17.36,34.55,26.84,41.97,38.82,66.26,56.94
1,28.14,19.13,34.85,33.91,37.42,32.41,56.59,44.2
1,30.91,15.3,43.73,27.2,47.3,33.31,76.87,62.4
0,24.19,16.19,29.32,24.5,33.47,39.39,74.79,56.04
1,35.46,28.52,41.77,47.13,48.18,50.05,89.97,81.35
1,29.14,12.39,27.42,21.44,39.1,27.17,49.87,39.49
1,77.6,42.97,86.39,47.12,106.22,65.48,129.54,70.39
0,28.21,23.41,34.71,28.05,40.31,25.35,67.66,30.92
1,26.17,16.42,30.06,29.64,38.22,36.91,49.85,51.31
1,29.28,18.43,34.37,24.54,36.07,36.05,48.89,52.88
0,31.48,18.75,31.56,24.98,33.44,37.18,55.2,35.37
0,27.19,24.03,37.06,26.03,42.75,38.03,86.8,53.12
1,32.05,29.53,40.01,44.3,46.83,44.2,56.68,55.33
0,33.59,24.03,46.79,38.39,51.64,38.84,103.82,37.67
1,34.76,24.13,37.43,32.26,38.99,41.02,68.45,63.07
0,39.25,32.74,50.06,40.32,64.01,47.07,110.31,69.03
1,37.89,29.1,51.32,36.14,64.78,41.74,81.49,49.22
0,39,23.49,44.29,32.86,49.34,36.33,63.88,39.37
0,31.56,35.65,46.25,42.25,55.39,36.75,73.77,63.57
0,26.9,22.59,36.15,27.78,43.92,34.42,66.1,43.24
1,46.62,30.87,49.73,44.4,62.77,49.2,129.82,63.89
1,25.28,21.28,42.63,38.39,44.88,30.6,47.23,55.27
1,46.02,41.32,87.51,49.81,104.84,68.3,127.11,90.07
1,29.3,15.71,28.61,24.77,28.05,27.65,42.47,45.01
0,23.86,15.41,31.95,19.12,31.99,18,37.16,22.38
0,23.9,12.7,30.48,14.7,29.33,15.43,42.18,24.39
1,46.47,33.15,59.05,48.03,65.32,67.23,71.61,81.99
1,60.07,49.5,101.06,66.5,116.35,58.16,135.18,104.32
0,50.99,51.99,63.33,49.31,74.29,64.91,104.41,94.28
0,77.58,44.95,87.66,66.5,101,77.7,129.1,77.09
1,40.64,43.62,54.96,64.68,42.69,55.35,59.1,91.84
1,41.93,32.88,48.12,56.89,48.86,54.01,63.65,72.35
1,50.15,40.67,49.98,49.77,59.56,55.11,72.86,70.3
1,42.85,20.53,52.7,27.8,60.17,26.14,55.18,35.85
1,34,30.24,40.07,39.15,41.84,33.51,64.59,49.82
1,38.92,49.44,55.85,78.49,66.11,75.08,103.62,98.51
1,54.06,39.76,58.47,55.77,83.57,54.47,89.37,94.75
1,32.29,27.64,45.35,45.96,48.76,49.65,55.71,96.18
1,39.88,33.46,56.95,39.57,56.9,46.98,106.39,60.99
0,102.2,53.24,119.13,57.49,121.07,63.49,128.12,88.82
1,50.82,36.01,105.06,57.89,106.5,79.65,166.51,101.02
1,34.02,23.41,45.61,36.73,42.14,38.84,51.48,41.51
1,44.02,35.62,48.11,40.56,45.49,52.9,52.97,81.66
0,42.84,33.18,48.67,45.98,56.93,48.44,64.57,50.35
0,49.85,30.97,56.63,44.56,57.56,48.14,101.51,61.83
0,42.55,31.15,57.74,43.05,52.59,44.47,65.7,56.78
1,51.01,32.69,52.12,34.74,65.29,40.71,113.24,66.67
1,47.25,33.03,49.36,55.48,50.9,40.65,60.5,60.23
0,63.6,58.09,100.28,80.1,138.68,86.66,119.41,97.32
1,87.29,50.96,108.95,62.08,123.29,68.05,143.84,107.69
1,37.24,18.72,44.27,39.58,56.54,52.34,78.43,55.35
0,33.2,27.35,44.75,33.38,51.64,46.42,86.74,83.6
0,38.77,26.72,43.42,28.57,47.07,52.65,67.08,43.9
1,37.37,35.42,42.31,43.91,46.37,56.21,75.65,81.75
1,41.47,34.76,58.65,45.99,86.36,46.31,109.16,64.97
0,39.68,22.8,45.13,44.58,46.98,48.49,83.06,62.69
0,40.69,32.37,41.88,40.45,45.25,41.49,74.11,67.37
0,37.89,28.13,48.2,33.9,51.81,31.23,102.79,62.17
1,34.6,27.98,38.41,37.49,47.08,44.56,79.24,56.56
1,27.76,15.97,43.67,28.08,44.35,28.02,74.94,51.48
1,35,24.25,44.17,42.54,48.93,39.74,65.28,58.65
0,41.21,30.21,50.35,36.47,59.38,49,101.95,61.05
0,43.64,25.18,50.21,34.38,46.32,32.07,85.12,38.87
0,31.77,20.35,47.84,39.18,41.78,45.76,50.13,53.31
0,33.67,20.52,45.83,39.1,67.25,48.34,88.53,64.82
0,44.25,27.34,99.62,45.63,127.29,50.53,129.21,63.37
0,30.54,29.86,28.34,34.96,36.07,33.02,75.43,49.67
0,37.07,26.75,70.58,26.21,82.96,42.83,90.66,64.03
1,25.12,15.52,27.89,21.49,26.31,31.67,32.91,27.39
1,24.15,18.64,36.66,23.62,36.72,26.43,81.69,37.71
0,36.65,25.8,37.55,27.33,43.26,34.75,85.24,65.77
1,27.35,20.55,44.75,25.91,38.02,34.33,55.15,56.09
1,104.51,56.92,114.43,69.33,146.6,82.46,149.36,80.63
0,32.29,25.07,33.39,34.74,32.61,35.47,41.36,41.67
0,27.83,21.01,38.54,20.41,40.51,20.89,35.8,27.78
0,26.09,19.07,46,31.48,42.14,33.03,64.03,49.23
0,26.27,26.37,29.21,39.05,31.86,41.09,42.98,47.25
0,27.39,18.55,49.53,41.15,36.72,41.38,40.96,52.54
1,26.18,12.93,35.47,16.17,34.52,20.84,38.05,28.13
1,34.34,25.07,40.04,41.16,43.26,36.28,74.45,70.35
1,29.64,29.35,42.25,46.27,49.1,60.72,90.48,91.62
0,44.6,32.47,51.17,36,71.5,42.78,86.49,58.1
0,31.65,26.32,44.51,41.88,41.69,45.84,76.68,62.47
1,31.77,20.31,42.16,27.17,46.34,30.15,84.62,50.1
0,72.39,48.96,92.76,75.66,106.02,92.56,137.38,103.39
1,41.69,32.83,51.36,75.73,55.14,51.96,89.26,73.8
0,29.89,26.4,38.93,42.26,43.13,47.6,67.24,75.61
1,36.14,21.1,41.53,26.55,51,33.93,72.26,40.21
0,29.41,19.74,39.14,35.62,42.04,39.98,75.75,48.72
0,39.95,34.29,54.86,43.59,58.95,51.11,90.25,70.29
0,33.11,24.1,46.25,31.49,48.26,43.87,88.52,60.66
1,45.14,42.76,74.42,65.09,87.9,54.38,129.5,78.97
1,45.21,43.91,57.21,57.13,91.26,55.35,120.85,72.02
1,32.33,15.52,45.05,29.55,50.95,26.53,55.47,39.29
1,37.48,28.25,45.47,39.08,49.95,41.72,76.57,66.04
1,31.26,18.53,31.92,22.61,33.44,24.51,45.53,42.07
0,27.58,14.75,35.29,22.29,42.25,26.51,44.31,40.78
0,25.35,18.67,31.58,23.24,44.36,29.57,64.67,43.1
1,41.23,40.7,50.81,54.9,64.08,77.82,119.79,79.49
1,58.02,27.17,87.6,33.24,105.23,52.89,97.68,103.93
1,50.25,40.3,86.8,54.46,89.22,67.25,99.45,78.51
0,31.95,25.05,45.37,42.41,47.03,44.3,65.87,46.3
1,27.32,20.59,30.93,28.39,39.77,38.16,58.8,58.34
0,37.15,28.62,44.83,38.78,48.26,39.29,66.86,63.64
1,25.89,13.59,36.33,22.44,40.01,22.57,40.06,25.97
0,31.62,24.01,47.27,36.2,49.63,44.55,89.27,63.14
0,34.04,31.11,40.13,36.22,48.89,32.88,75.19,48.43
1,33.96,18.46,37.47,29.81,43.41,33.88,51.9,58.14
0,51.44,40.14,55.92,43.06,52.39,55.95,88.64,65.71
0,28.57,20.47,33.45,23.98,41.27,26.14,52.44,39.19
1,22.93,16.14,28.23,24.09,32.7,23.74,44.06,57.2
0,32,17.95,40.18,29.93,48.11,37.39,61.51,66.06
0,30.15,19.51,33.23,20.69,37.99,34.74,66.56,57.97
1,22.39,11.03,24.3,27.05,29.74,33.1,57,58.29
1,24.64,14.31,32.02,14.42,34.89,23.72,45.01,32.54
1,25.75,13.01,33.32,18.95,37.02,17.49,32.44,25.65
0,25.82,13.27,28.99,19.08,27.85,17.76,45.63,25.06
0,23.08,15.74,34.57,21.04,42.29,17.69,33.9,26.79
1,25.05,22.7,40.8,39.08,47.33,44.42,69.76,49.19
0,31.41,25.42,38.15,27.4,47.22,38.68,61.13,57.16
1,27.43,19.15,36.67,24.65,46.41,43.57,68.61,63.89
1,25.81,22.23,35.67,40.63,40.52,39.31,58.17,49.66
0,30.95,28.8,42.45,46.3,58.26,64.66,107.57,99.17
1,31.4,23.99,31.71,28.73,46.39,45.07,60.75,67.05
0,34.71,27.3,39.63,47.39,49.17,47.53,104.03,89.87
1,36.08,25.63,41.37,25.7,50.58,32.69,86.7,54.53
0,34.96,31.86,46.78,44.34,52.81,50.39,87.61,73.86
1,35.51,21.11,41.97,29.74,46,24.48,57.91,34.98
0,26.01,15.01,35.78,20.14,32.54,20.86,43.58,33.84
1,26.13,12.08,33.8,23.23,38.99,23,49.7,32.54
0,35.15,32.76,35.31,39.73,43.45,56.39,88.71,75.73
0,32.68,18.92,45.45,28.86,56.91,30.45,88.66,61.58
1,25.19,14.35,25.39,19.37,27.53,25.89,31.1,30.28
0,26.49,21.57,33.52,31.37,34.64,29.56,46.74,39.68
1,33.16,27.55,32.62,21.21,37.79,51.15,51.73,69.1
0,23.51,16,31.12,29.77,28.45,22.37,45.3,35.41
0,27.15,12.43,25.18,12.47,29.61,17.31,31.11,23.97
1,29.38,12.43,26.02,22.99,37.29,26.62,43.82,33.44
0,26.48,20.47,30.79,26.73,42.25,34.11,41.53,42.76
0,31.55,20.58,34.23,31.8,40.36,36.22,69.35,54
1,22.37,11.22,25.42,13.21,28.07,11.87,28.68,22.02
0,27.41,18.94,32.89,34.26,46.03,33.71,63.75,49.22
1,27.79,11.46,39.19,23.83,36.15,16.68,46.52,43.33
0,45.01,29.17,61.15,42.18,65.3,50.73,108.78,71.97
1,42.19,34.74,51.77,49.95,66.45,53.97,105.79,76.14
1,40.36,47.26,91.06,52.58,103.36,60.97,150.6,95.06
0,34.47,25.76,49.25,30.3,57.3,41.64,104.64,90.76
1,58.19,93.23,110.92,75.54,106.1,104.41,154.94,123.49
0,32.56,22.43,38.54,27.48,43.53,36.05,67.39,49.51
0,43.99,35.76,59.29,49.76,66.48,55.51,140.82,74.28
0,39.35,24.41,65.23,39.34,63.11,51.68,119.54,78.9
1,40.81,28.51,45.63,39.97,49.75,46.07,76.45,63.21
1,31.33,21.79,47.58,28.38,47.83,35.04,74.29,54.57
1,46.01,40.94,52.08,56.85,66.39,59.69,104.67,98.33
0,46.94,32.1,58.67,56.42,66.07,64.55,114.3,65.45
0,48.09,28.18,55.52,48.13,62.08,45.48,89.23,60.2
1,37.17,27.59,43.23,44.08,50.67,48.27,89.41,68.57
0,48.72,47.15,64.16,51.61,88.74,72.45,128.55,105.64
0,32.77,27.68,44.65,30.3,53.72,41.52,79.05,55.8
1,40.81,41.97,49.31,53.69,66.51,62.32,99.12,94.28
1,32.92,24.44,57.92,30.32,59.17,29.27,99.84,54.88
1,38.45,18.78,47.75,31.63,58.08,40.99,104.77,65.81
0,44.68,35.73,55.35,40.4,62.8,51.02,107.61,102.67
0,46.1,28.48,46.77,36.18,51.44,40.01,87.82,72.41
0,53.35,32.84,91.37,38.56,90.75,43.46,135.9,71.23
0,34.88,25.19,41.36,36.29,40.59,42.15,72.35,56.22
0,46.79,40.46,56.24,48.44,49.91,56.91,89.08,68.94
0,28.05,29.92,42.16,46.31,36.44,47.75,75.56,90.01
1,38.07,32.36,46.26,53.34,52.35,47.63,84.59,71.9
1,32.03,30.08,47.39,50.39,49.12,49.65,75.93,89.46
1,45.62,37.57,51.78,46.09,52.91,56.02,97.89,70.48
1,36.16,31.81,51.35,41.04,46.03,54.15,77.09,81.5
1,34.55,42.09,35.13,46.2,37.21,49.62,89.14,77.26
0,46.55,35.81,51.64,40.44,52.49,43.59,102.51,72.77
0,33.26,24.62,41.56,27.07,42.07,37.36,67.91,46.43
1,33.06,26.2,42.16,29.52,45.67,45.12,78.39,81.02
0,44.09,26.17,43.92,34.23,51.28,40.45,66.04,60.55
1,38.96,54.37,50.73,72.91,52.51,72.51,89.98,92.88
0,42.4,41.07,54.71,46.81,65.31,54.45,103.83,80.77
1,49.54,52.18,49.5,55.22,51.14,64.76,117.98,110.32
0,40.44,30.58,51.25,34.57,56.1,46.98,88.28,85.69
0,33.69,20.99,37.49,22.39,44.29,28.36,67.6,45.42
1,48.82,44.87,55.31,55.19,67.77,62.85,122.29,68.58
0,44.42,26.84,47.99,40.09,51.55,44.14,92.23,83.14
1,34.41,23.13,39.5,34.73,51.01,45.07,89.61,54.37
0,41.88,28.39,51.89,41.69,52.53,40.8,86.43,55.5
1,27,23.68,42.32,43.77,46.78,45.62,71.17,82.48
1,30.01,24.37,38.38,27.9,46.02,30.31,65.1,47.51
0,32.65,12.08,43.64,22.28,38.94,28.95,38.68,38.32
0,25.51,23.39,32.59,25.62,38.99,34.73,76.56,54.22
1,26.87,17.35,35.91,31.67,48.31,36.67,88.99,53.32
1,27.48,13.3,29.95,16.69,41.17,18.55,35.44,23.13
1,32.8,21.57,35.51,34.69,47.96,39.16,105.1,78.77
1,26.25,14.33,35.06,25.88,45.06,25.45,57.86,43.38
1,25.68,12.72,27.42,18.73,29.81,20.88,42.6,31.14
0,48.63,27.64,86.18,43.52,100.42,50.42,127.9,75.38
1,27.22,21.95,31.79,31.81,36.76,40.42,53.95,63.08
1,35.21,24.81,38.54,36.69,41.37,39.97,74.19,61.5
1,31.96,24.23,35.94,29.69,38.72,44.15,59.63,50.81
1,25.84,16.16,29.39,20.42,30.29,29.14,48.19,46.16
0,28.79,21.43,34.41,29.17,48.97,27.24,56.44,61.14
0,40.45,27.17,59.29,42.48,51.72,38.2,62.68,60.93
0,28.08,26.12,36.13,41.49,41.69,47.32,72.23,61.79
1,40.35,32.22,44.89,51.59,51,43.78,63.1,62.92
1,31.46,21.74,39.54,29,49.72,37.67,75.1,50.01
1,35.42,37.48,30.49,27.1,37.31,46.33,59.06,74.95
0,36.49,30.7,45.56,35.46,50.55,34.61,81.36,56.77
1,32.96,24.51,36.88,29.08,42.71,33.03,66.51,49.61
0,30.37,16.98,38.44,23.35,41.17,26.53,51.08,30.07
1,33.7,22.79,32.92,26.86,44.82,27.77,62.62,49.1
0,32.65,24.69,39.15,30.16,40.83,41.99,60.46,45.08
1,23.05,17.56,28.08,23.99,35.26,30.3,51.94,42.56
0,31.88,16.13,40.16,34.09,49.5,33.02,65.98,48.58
1,34.72,28.33,54.56,33.94,63.63,41.8,102.14,58.75
1,28.44,26.6,40.33,29.53,61.6,66.28,103.12,54.69
0,23.64,18.76,31.62,26.01,34.07,32.89,46.64,31.17
0,42.82,30.44,52.03,41.81,67.31,46.67,107.04,76.06
0,39.71,20.16,41.55,27.4,39.73,34.82,64.64,32.95
1,35.66,26.14,41.81,37.13,52.35,55.35,79.18,48.07
0,37.21,28.62,47.15,42.34,53.48,48.71,64.14,68.44
0,33.67,26.21,46.88,37.69,50.68,40.48,87.51,56.07
0,40.52,23.29,50.24,35.37,60.6,38.62,77.1,52.82
0,71.23,37.45,87.85,43.28,105.23,45.75,110.9,83.83
0,26.86,15.46,38.71,21.28,41.36,18.73,43.51,26.51
1,27.43,20.31,39.95,31.12,43.58,59.45,67.8,62.19
1,23.69,19.56,30.4,35.47,36.73,37.25,68.61,55.52
1,32.78,33.1,48.29,33.71,57.9,47.57,89.23,61.9
0,39.05,32.77,44.36,50.37,49.39,47.54,76.24,71.49
0,40.71,37.2,47.87,51.35,50.7,50.53,75.74,72.74
1,35.74,25.56,49.93,37.8,55.68,41.28,88.84,77.22
1,27.76,20.94,39.34,28.46,47.97,45.4,53.05,46.88
1,39.3,34.82,39.86,40.95,47.21,43.56,62.87,54.23
1,54.24,38.11,63.71,41.8,88.74,57.89,103.65,96.57
1,58.32,40.68,71.23,49.6,87.65,60.16,135.44,78.92
1,30.08,23.65,36.46,29.35,42.48,41.78,58.11,71.98
0,58.36,52.51,116.65,74.67,104.01,72.36,109.98,100.89
1,27.32,16.4,47.37,26.9,43.98,40.1,51.81,47.8
0,25.65,16.42,46.9,35.87,48.26,53.15,64.75,77.21
1,27.1,19.68,44.38,28.15,41.69,39.66,67.38,61.74
0,28.16,18.89,39.81,25.25,45.11,32.63,74.84,62.29
1,26.36,18.64,32.96,24.45,40.11,32.56,66.54,54.85
1,28.75,23.39,36.09,26.54,38.78,30.48,59.4,41.13
1,80.18,69.82,90.6,90.63,105.08,95.82,120.29,106.58
1,25.14,11.88,26.73,12.96,30.77,15.85,32.85,28.74
0,25.23,16.95,29.17,29.44,36.11,38.61,51.42,50.88
1,22.48,16.07,28.57,16.36,29.59,16.82,64.28,45.56
1,28.41,24.05,35.44,27.44,45.11,36.3,60.63,52.04
0,24.91,17.69,29.69,25.11,35.92,40.1,63.42,51.98
0,25.42,15.87,26.6,17.61,29.81,25.3,41.84,29.16
1,31.59,25.43,39.66,34.71,37.84,30.79,62.85,49.18
1,33.05,32.53,41.69,44.62,50.07,38.93,60.63,70.04
0,27.83,19.69,35.18,25.16,44.8,33.4,62.03,65.44
0,28.54,21.1,35.2,31.82,34.2,40.31,78.59,72.34
1,25.35,14.63,27.7,19.26,31.07,26.72,48.97,45.85
1,23.95,23.37,38.7,32.52,45,43.21,61.65,58.95
1,25.28,16.93,26.3,25,29.3,27.37,53.5,56.4
1,25.49,13.29,34.02,20.89,34.91,20.2,55.39,35.99
0,33.62,17.54,37.25,29.31,48.3,40.93,70.78,54.01
1,38.82,41.86,42.25,56.08,43.98,65.02,65.47,84.61
0,28.54,28.64,42.12,42.71,52.57,34.77,94.81,64.35
0,26.96,27.98,27.73,27.25,39.11,37.19,42.9,56.05
1,36.71,34.03,50.28,57.92,49.22,59.99,70.22,75.31
0,46.56,40.75,52.38,53.41,68.08,65.79,106.91,85.02
1,31.67,24.72,47.19,31.64,50.89,30.31,87.39,46.14
1,35.69,24.22,40.42,39.84,51.82,47.54,72.49,64.3
0,30.3,18.95,38.05,26.17,40.16,32.38,61.33,46.68
0,31.29,21.7,36.91,21.93,56.47,37.44,69.95,38.13
0,25.85,12.27,32.43,21.63,37.7,30.69,66,42.12
1,25.22,23.39,49.11,40.91,69.27,41.25,89.87,57.43
0,23.92,15.61,34.18,26.66,33.75,24.92,42.93,40.73
1,32.78,22.04,40.79,36.77,44.52,48.46,72.2,62.89
1,25.47,15.88,33,25.44,37.31,37.94,75.34,61.53
1,26.09,24.69,39.88,32.82,41.9,54.83,64.51,69.86
1,31.98,22.37,45.07,27.29,42.13,33.93,47.12,46.34
1,29.23,20.89,33.02,26.75,37.56,41.36,62.35,47.5
0,24.34,16.38,32.92,24.65,36.78,45.4,68.41,62.88
0,35.84,21.55,41.42,24.75,47.07,38,66.54,54.01
0,36.63,23.2,47.31,45.16,66.45,46.54,90.11,71.37
1,22.56,14.81,26.57,18.8,27.53,26.6,58.72,54.03
1,38.96,31.33,51.13,50.42,50.33,56.99,75.8,75.03
1,32.29,19.57,35.6,31.78,42.94,35.86,47.88,59.33
0,32.92,22.15,43.51,31.84,57.98,39.06,63.1,58.91
0,40.43,24.99,58.03,37.55,60.07,42.6,77.53,61.82
0,36.03,25.53,46.04,42.03,51.71,40.12,66.55,58.84
0,49.9,41.23,57.88,44.33,64.59,46.27,98.7,76.65
0,32.28,22.58,34.77,32.55,37.8,34.42,65.95,61.27
1,41.89,40.41,47.61,57.52,71.13,66.43,82.98,97.01
0,41.65,30.48,57.72,41.25,51.68,45.66,85.9,66.02
0,33.96,21.93,41.88,36.54,51.09,42.99,91.89,66.39
0,37.33,35.27,44,42.36,42.18,53.01,59.36,75.31
0,53.88,36.89,87.13,41.15,87.37,54.99,108.45,68.79
1,37.11,28.24,43.81,42.53,46.6,49.14,65.51,81.28
0,40.29,30.9,48.26,33.91,54.72,47.84,91.35,53.6
0,33.58,25.07,35.33,31.23,48.68,45.34,72.93,64.66
1,32.78,22.42,35.84,27.21,41.45,35.04,55.43,42.4
0,41.42,29.47,52.03,38.55,50.67,39.2,76,80.14
0,31.89,23.98,40.24,25.5,41.18,36.23,63.15,57.15
0,41.75,38.72,46.48,53.85,47.83,62.94,76.27,79.16
1,44.71,38.85,49.6,41.86,45,46.78,63.84,62.88
0,40.08,24.42,50.32,33.76,51.76,40.27,70.69,61.84
1,27.29,22.77,32.71,27.2,37.25,37.56,42.19,38.6
0,39.45,33.53,60.07,46.69,69.75,46.31,94.87,74.29
1,33.69,24.17,43.52,29.3,44.61,37.94,52.04,43.84
1,40.44,40.53,49.64,42.43,52.31,45.78,73.43,70.72
1,53.73,29.71,55.86,43.73,56.42,44.52,88.57,73.21
0,32.2,24.82,45.42,33.42,42,33.21,50.98,47.15
1,39.4,40.86,50.12,48.63,49.21,60.01,83.3,99.53
0,30.93,22.58,42.73,21.02,43.31,24.82,60.1,52.36
1,33.12,20.28,38.98,30.52,42.87,29.25,67.96,60.14
0,34.46,38.89,51.81,52.03,47.23,59.35,88.79,80.04
1,30.6,16.93,41.54,28.54,46.08,45,76.21,63.49
1,39.09,30.28,56.68,45.94,52.66,49.48,72.62,62.65
1,44.4,38.08,49.43,35.53,52.67,40.05,78.63,58.95
0,37.21,28.89,51.41,42.44,52.07,48.14,118.43,75.06
1,34.67,26.27,42.66,30.59,46.61,36.55,73.87,50.83
0,50.45,46.19,76.8,52.58,91.41,65.19,121.65,77.63
0,54.09,39.32,68.1,53.38,77.82,68.3,117.46,98.33
0,38.05,24.78,51.51,42.73,50.76,68.27,64.66,80.48
1,37.86,27.95,42.83,46.87,51.16,48.71,87.93,69.84
1,42.86,33.45,48.09,48.98,59,55.39,104.53,73.79
1,32.45,20.43,43.12,33.18,48.94,38.53,76.18,49.07
1,45.23,30.75,69.61,36.22,103.29,46.88,110.92,64.84
1,46.45,29.05,58,38.21,78.16,45.21,88.77,67.53
1,26.96,25.59,36.29,29.75,42.57,41.14,72.32,49
0,31.62,24.11,41.54,28.94,47.38,30.74,83.73,55.61
0,51.18,50.07,101.87,54.64,123.68,69.89,148.52,82.8
0,33.15,25.48,48.08,35.91,50.06,34.7,76.45,60.61
1,24.68,18.56,50.56,44.76,51.33,49.22,71.76,73.24
1,31.08,18.69,35.24,22.98,42.63,30.67,57.54,45.05
0,29.62,23.56,47.33,25.95,51,41.35,67.29,67.6
1,40.07,27.5,42.77,37.62,51.5,53.45,86.63,62.7
1,26.76,31.27,47.73,31.52,45.61,52.14,69.91,73.44
1,53.7,68.49,62.55,81.66,63.12,95.78,89.21,91.48
1,36.79,39.22,46.72,48.33,47.4,58.59,92.01,87.84
0,31.22,19.24,35.67,30.95,41.14,34.69,59.32,49.34
1,48.59,48.78,51.79,57.23,51.35,66.16,83,93.32
0,47.23,42.34,59,50.98,64.96,69.7,115.3,100.87
0,48.16,49.87,51.13,50.84,57.18,58.62,120.87,79.34
1,35.64,17.45,44.4,40.12,50.69,45.07,67.73,65.52
0,35.13,28.21,46.86,39.94,47.11,49.95,73.13,48.44
1,29.27,31.25,46.49,45.91,47.61,56.25,64.37,62.96
1,46.07,43.68,51.64,55.37,56.45,58.22,125.67,94.12
1,26.82,19.19,36.59,29.17,38.04,32.64,65.7,46.28
0,30.32,21.86,39.93,27.25,48.97,30.38,51.99,48.96
0,36.62,26.96,37.28,29.89,43.75,30.49,55.84,42.25
0,63.46,38.7,75.29,48.54,88.15,57.3,114.1,88.25
1,36.99,24.19,44.23,33.22,50.59,46.07,66.4,57.68
0,33.37,30.78,40.94,39.51,49.59,45.16,67.41,56.53
1,27.88,24.58,35.41,46.72,40.95,58.01,74.18,91.69
0,39.91,26.66,45.07,41.11,51.06,41.37,63.96,73.22
0,35.69,30.28,47.56,35.59,52.2,41.89,73.9,57.59
0,28.71,25.9,37.56,29.88,48.11,44.87,66.44,44.08
1,27.52,22.66,38.6,32.4,41.36,42.55,53.95,60.61
0,33.74,20.56,47.05,27.53,43.84,35.38,74.51,54.64
0,29.03,35.36,48.39,44.58,54.6,40.39,67.47,42.97
1,55.75,27.33,101.29,33.71,89.45,35.92,112.78,50.01
1,28.13,18.24,30.83,30.39,40.42,29.84,81.68,58.01
0,47.25,36.53,69.4,40.84,89.14,60.26,106.33,73.69
1,36.96,33.61,45.69,49.33,58.26,54.62,93.03,66.31
1,33.01,31.77,41.86,38.5,47.75,48.6,63.6,71.12
0,45.23,32.23,54.88,48.61,56.22,68.95,88.46,101.61
1,50.94,35.24,85.1,43.97,104.58,64.16,139.01,100.66
0,45.68,32.13,53.18,47.34,62.59,48.48,99.28,98.05
0,33.91,22.93,38.41,30.84,40.5,29.88,51.44,51.44
1,40.53,31.89,42.22,48.12,42.98,59.16,72.54,80.87
0,26.49,17.57,32.44,28.17,37.51,35.87,54.54,90.88
1,32.08,28.53,46.78,43.93,50.98,49.42,90.29,91.51
1,29.81,23.48,35.57,31.66,40.72,45.84,59.83,74.82
0,34.72,20.57,40.01,35.58,42.38,43.9,76.15,55.77
1,27.84,26.6,41.73,37.77,45.82,37.84,64.08,54.34
1,27.86,18.85,38.68,25.18,43.38,33.24,75.68,55.2
0,35.09,37.07,46.92,65.12,51.16,64.35,74.45,94.85
1,36.27,34.63,46.43,36.64,49.7,43.29,72.21,65.83
1,36.4,68.44,50.18,88.38,62.61,108.87,90.42,99.16
0,26.28,19.62,32.06,23.7,39.1,31.62,49.17,43.74
1,43.02,41.77,48.72,44.97,55.13,53.05,98.4,80.56
1,24.71,13,26.33,14.34,27.24,18.55,53.15,32.31
1,27.76,24.73,40.75,33.88,43.66,33.06,77.34,50.32
0,35.78,29.18,42.3,32.51,45.6,41.94,80.84,49.43
0,38.44,34.11,47.6,43.01,53.87,61.23,90.31,69.95
1,45.5,31.65,48.18,43.99,58.68,64.56,92.79,55.1
0,62.19,51.74,66.71,69.46,92.74,82.46,133.77,97.4
1,42.28,23.16,60.98,22.65,79.29,23.27,87.9,26.07
1,43.81,26.05,46.55,37.69,57.46,47.72,113.27,74.85
0,54.02,41.64,55.08,45.22,88.05,76.26,124.88,73.84
1,44.59,15.15,65.9,54.3,87.96,61.28,108.58,82.43
1,26.54,20.29,28.33,24.22,41.13,33.29,65.39,49.9
1,37.06,31.39,47.17,41.32,63.75,47.59,104.45,59.92
1,34,22.99,33.06,23.57,45.8,37.76,75.54,54.88
0,40.14,29.43,47.75,35.68,57.46,45.76,86.3,77.68
0,29.84,28.37,44.62,39.32,50.13,48.52,83.98,73.06
1,70.86,35.6,71.24,71.85,91.92,85.23,122.57,113.57
0,39.11,29.42,46.01,39.63,55.54,48.21,78.57,65.98
1,30.26,21.62,31.36,32.26,42.8,46.77,67.78,58.1
1,50.81,50.08,56.72,62.77,79.51,74.43,126.43,88.8
1,29.08,27.54,42.22,27.38,50.73,52.22,66.83,62.07
1,32.41,27.15,38.21,34.82,39.47,44.8,60.49,50.91
1,35.83,28.3,39.08,38.12,46.31,41.84,51.23,65.65
1,33.86,32.47,47.52,42.08,51.28,46.42,88.14,65.36
0,40.52,42.73,52.02,49.08,63.63,77.54,104.17,83.76
0,34.47,28.6,36.04,48.61,42.7,53.3,81.85,81.76
1,57.6,35.59,88.39,42.06,96.78,66.62,118.21,79.84
0,34.33,25.67,43.98,31.02,46.54,37.69,69.43,61.55
1,31.97,28.06,37.45,32,46.13,42.64,60.73,66.47
0,40.12,26.57,40.22,43.26,51.57,49.85,89.21,85.19
1,38.57,27.97,43.49,49.02,45.52,43.78,69.68,63.97
1,26.04,23.82,27.58,29,33.89,41.68,66.59,61.81
1,32.75,28,47.79,29.87,54.8,39.04,97.21,63.4
0,35.97,35.03,51.76,64.26,55.52,65.97,105.21,75.59
0,28.69,23.27,37.23,27.74,46.82,42.45,54.74,61.38
1,31.9,24.93,35.61,33.91,41.04,42.31,75.45,56.65
1,29.27,25.22,32.44,29.09,35.43,43.14,52.47,61.89
1,41.75,47.79,38.01,72.01,55.53,80.02,84.13,112.76
1,50.91,55.25,57.59,69.33,76.58,86.8,93.63,109.56
0,38.54,29.88,49.92,44.36,53.26,62.6,68.9,81.67
1,44,28.3,49.13,42,54.2,65.41,91.91,85.66
1,35.52,40.04,46.08,44.97,48.67,66.59,88.32,89.82
0,32.07,21,37.12,22.97,35.26,28.71,54.46,36.18
1,29.76,27.79,43.31,37.76,53.2,45.01,78.31,63.7
1,29.12,19.95,31.07,17.79,34.61,21.78,37.98,26.88
0,37.04,26.31,39.63,30.97,39.85,48.12,77.23,80.66
1,44.34,27.97,68.9,32.67,69.69,46.63,78.02,55.02
0,26.02,21.26,33.51,29.06,40.47,37.54,56.3,52.28
0,30.22,20.34,34.49,22.89,36.75,34.05,71.87,47.87
1,26.56,19.89,32.87,28.82,32.61,34,56.78,66.1
0,33.53,27.69,47.74,39.81,58,55.3,106.08,62.84
1,36.41,19.84,44.61,23.81,44.53,34.85,44.55,31.96
0,22.66,12.31,28.07,21.42,36.05,30.69,55.79,57.76
0,24.94,23.47,34.74,31.07,48.68,39.41,60.17,62.88
0,38.32,29.13,46.55,36.69,53.07,41.64,111.04,60.59
0,29.76,22.6,40.99,25.48,40.79,30.69,61.55,39.21
0,29.79,22.62,46.51,33.06,49.76,42.57,66.2,62.52
1,30.94,17.17,38.67,19.02,52.44,20.8,63,31.69
1,30.19,17.28,36.01,20.04,41.9,32.39,76.52,53.87
0,26.38,14.76,43.35,25.72,34.8,28.17,53.5,47.9
0,34.42,18.4,40.62,22.11,49.73,46.46,76.19,55.09
1,37.16,23.19,47.16,40.68,50.99,52.22,62.78,55.39
1,24.54,13.53,31.09,19.76,38.59,26.65,50.66,37.73
0,30.93,23.35,37.93,30.54,27.96,31.62,45.52,45.12
0,41.45,27.26,51.61,33.46,60.14,30.05,98.83,56.04
0,25.58,18.79,32.95,28.64,34.96,26.88,46.33,43.96
1,25.25,16.82,37.67,21.3,45.4,31.69,57.71,45.26
0,30.95,14.22,39.7,21,48.04,23.09,66.55,43.2
1,33.85,21.77,44.69,26.15,51.46,39.4,84.02,58.46
0,34.47,24.09,39.6,25.3,37.18,29.03,66,40.78
1,28.86,23.12,32.14,25.08,37.25,35.4,46.65,30.92
1,30.19,13.79,27.55,20.15,34.64,22.31,39.86,32.14
1,25.46,13.01,29.07,20,32.85,18.28,32.49,22.04
1,32.88,27.06,45.13,39.43,48.94,54.96,63.87,76.44
1,32.19,26.27,36.01,26.11,42.88,38.16,66.75,53.54
0,36.03,23.32,38.23,27.3,44.5,34.01,54.15,49.38
1,29.81,21.15,36.51,26.27,50.59,35.34,90.79,49.46
1,32.12,26.59,34.01,31.79,46.16,34.96,70.74,49.73
0,44.33,24.53,53.24,37.2,60.6,34.56,88.76,48.87
1,30.87,19.7,32.96,20.18,43.2,25.84,52.61,30.1
1,24.15,16.97,35.34,21.07,43.65,28.71,57.76,48.2
1,23.68,17.22,30.04,21.82,33.34,22.36,64.7,48.73
0,27.78,22.47,30.76,33.86,39.41,35.16,48.67,53.13
1,28.28,19.76,29.3,21.89,31.75,38.03,46.59,68.49
1,34.69,22.91,38.65,28.78,45.67,46.67,69.26,76.96
1,26.63,16.2,30.89,20.96,44.06,29.4,66.24,54.76
1,27.32,23.19,39.16,27.49,33.03,35.52,53.02,49.96
0,25.11,16.73,34.88,27.98,45.06,32.83,62.77,47.22
1,31.44,26.09,34.92,31.99,36.73,33.3,57.45,53.87
1,41.55,30.53,57.31,36.2,73.74,56.34,99.7,93.77
0,39.61,33.13,60.85,35.24,58.45,40.59,96.99,69.53
1,33.32,18.02,38.26,27.59,50.57,29.99,63.89,42.56
1,46.48,25.13,54.32,38.53,66.05,53.43,103.14,100.34
0,30.21,23.83,39.23,32.98,51.58,43.42,101.23,63.15
0,26.76,19.4,36.6,20.87,36.73,25.06,72.26,38.33
1,29.63,16.46,36.46,23.81,41.53,29.86,52.08,41.13
0,26.19,16.03,32.11,28.55,41.98,36.28,61.82,55.62
0,24.48,12.48,40.46,17.54,34.89,21.64,39.66,25.38
1,28.39,15.3,40.25,28.48,45.51,29.2,60.23,51.01
1,25.23,12.6,35.85,28.12,42.35,35.4,68.52,77.08
1,31.74,16.93,33.67,22.58,39.65,34.88,66.94,44.47
1,23.97,19.71,29.36,20.66,39.11,24.31,39.71,37.69
1,35.03,17.01,38.21,32.32,37.92,39.29,50.07,54.04
0,31.14,18.37,37.49,19.5,43.75,17.69,65.82,25.36
1,30.16,18.19,41.93,23.4,55.39,30.15,89.02,45.7
1,26.26,16.98,27.83,24.66,36.76,28.12,56.7,51.77
1,40.79,28.6,45,36.95,42.11,41.43,85.53,62.04
0,36.21,30.25,41.9,39.28,41.39,50.36,58,57.13
0,35.8,27.1,42.72,30.26,42.7,41.84,81.63,76.16
1,26.68,18.45,30.59,24.56,34.26,37.92,46.98,59.08
0,26.6,17.58,34.5,21.79,33.08,24.39,41.9,41.92
1,26.71,12.84,31.05,17.57,33.96,22.43,41.55,33.09
0,25.74,15.51,31.92,18.72,37.09,22.57,47.85,24.93
1,32.85,19.36,33.08,19.56,37.86,22.57,47.93,31.26
0,28.68,22.68,38.89,28.88,48.05,42.77,87.49,55.49
0,22.54,16.33,28.03,19.66,36.62,26.05,47.94,26.16
1,24.76,11.81,25.71,13.82,32.38,18.53,40.63,29.1
1,29.75,13.9,30.51,24.19,42.14,28.11,50.25,43.25
1,26.9,16.13,40.42,26.09,41.36,28.94,49.23,43.92
0,29.55,19.4,34.2,19.8,42.14,27.56,45.34,42.48
1,34.03,29.48,47.01,31.55,51.93,45.61,76.02,71.4
1,33.78,27.06,46.24,44.64,48.22,51.11,76.69,81.32
1,38.62,39.61,50.87,46.72,65.86,67.97,115.29,82.15
0,27.86,21.42,38.23,34.75,40.86,46.7,72.33,70.07
1,26.62,21.46,39.09,27.77,43.48,31.94,65.35,55.03
0,38.5,40.4,64.02,71.29,66.95,54.47,106.06,83.34
1,39.83,39.8,52.74,53.6,69.99,68.34,94.99,74.51
0,30.91,18.94,41.84,27.86,53.6,27.76,91.46,61.77
0,122.72,33.86,134.8,46.81,130.99,49.85,167.81,78.07
0,26.48,21.17,35.96,31.81,42.82,43.53,79.8,59.81
0,38.37,26.76,39.91,25.28,42,43.65,47.38,53.57
1,74.8,44.86,91.52,62.61,102.16,56.62,114.37,90.11
0,26.27,16.36,34.99,30.03,45.71,39.51,75.91,75.84
0,33.84,25.96,39.52,28.67,40.1,45.08,67.06,62.69
1,33.06,28.36,46.7,34.46,66.51,52.54,99.84,78.92
1,46.54,33.61,84.71,47.88,88.03,45.75,113.41,90.46
0,30.24,22.64,34.25,30.32,37.84,47.66,78.16,57.24
0,27.38,21.06,26.65,26.75,31.01,36.9,56.65,42.42
1,34.63,25.53,44.21,46.38,46.21,54.02,70.99,76.93
1,28.94,34.61,40.81,49.17,47.74,64.46,78.43,95.68
1,29.7,22.45,43.22,30.87,50.3,44.97,69.51,56.78
0,53.95,40.44,75.51,64.69,105.65,94.45,107.9,89.75
1,87.26,35.25,134.06,49.86,139.87,73.05,129.21,84.85
1,29.37,20.97,39.98,30.24,44.56,38.65,36.21,54.59
1,28.82,17.07,30.13,29.34,36.55,36.03,50.35,52.94
1,35.47,20.42,37.55,25.97,44.26,28.97,57.79,31.77
1,31.4,29.2,39.26,33.34,45.03,30.93,68.05,49.59
0,35.82,22.66,42.28,27.32,44.18,25.7,64.16,37.38
0,33.97,21.19,36.7,23.92,46.11,31.08,63.44,50.93
0,48.76,36.72,48.98,44.81,66.67,60.42,105.16,78.35
0,40.51,25.85,46.46,31.98,45.82,33.66,61.13,55.82
0,38.18,28.59,46.7,30.49,57.24,48.28,75.38,59.89
1,35.62,24.04,42.24,29.97,52,36.15,79.59,58.36
1,39.92,31.46,46.52,36.23,51.49,41.37,90.79,71.83
1,35.37,21.36,38.97,26.4,36.61,22.86,56.42,47.73
1,34.05,30.56,45.14,32.98,53.6,44.55,77.19,64.27
1,38.72,26.78,45.28,34.19,51.4,49.33,88.71,69.13
1,38.23,28.61,48.8,38.87,50.42,53.31,84.89,60.41
0,33.82,27.9,41.59,31.91,45.5,42.24,74.78,55.63
0,38.02,20.58,44.16,35.15,48.86,41.38,75.91,57.5
0,40.43,27.06,41.92,31.11,48.14,41.66,92.17,54.87
0,35.83,29.28,49.71,39.63,56.73,37.16,103.15,64.47
0,34.65,20.98,41.49,35.86,50.08,39.06,75.75,61.49
0,36.05,25.61,42.2,33.35,51.28,44.72,69.36,55.59
0,39.95,27.43,44.95,27.29,55.11,48.95,87.82,66.99
1,35.05,29.26,45.47,39.56,54.4,58.62,95.99,80.3
0,33.69,22.32,36.72,32.01,41.42,41.73,75.46,70
1,36.18,35.42,62.47,43.36,64.06,52.67,107.57,78.84
1,31.16,30.45,31,44.6,38.63,43.08,79.62,94.51
1,25.6,27.35,34.43,42.7,39.43,53,69.83,63.06
1,28.99,21.4,43.91,31.09,46.92,48.11,57.74,63.79
0,32.25,17.31,42.2,34.4,49.76,30.1,64.93,46.05
1,34.37,24.75,47.31,45.17,46.52,42.29,84.86,66.14
1,31.32,25.76,44.38,38.45,50.81,36.62,74.79,61.02
1,24.58,18.11,44.22,35.19,45.66,34.42,85.09,46.56
1,34.41,26.05,46.12,32.34,51.33,32.19,64.59,57.6
1,29.28,19.27,34.26,26.43,36.21,16.68,66.66,36.43
1,32.8,22.09,39.29,28.17,47.4,34.84,77.02,47.88
0,33.89,20.89,41.52,30.43,42.02,33.87,63.92,62.42
1,23.73,17.18,28.95,24.62,38.59,39.84,49.12,46.9
0,38.51,21.18,43.26,28.02,53.07,35.31,107.88,60.76
0,33.43,20.68,38.42,30.35,41.41,46.65,66.48,65.32
1,32.37,18.5,39.01,27.86,41.84,38.72,72.36,51.12
0,39.65,24.42,44.75,40.01,47.39,36.75,81.96,84.06
1,37.22,22.85,42.82,27.15,49.74,39.68,82.63,61.21
0,28.97,20.67,41.57,27.54,46.82,46.02,76.2,48.16
0,41.72,31.56,72.2,49.48,80.99,59.23,122.96,85.4
0,24.91,16.03,45.27,24.16,43.83,27.35,57.97,40.64
1,33.22,20.69,36.14,28.33,43.17,36.59,66.41,52.92
1,25.15,17.35,33.71,24.12,39.62,35.17,66.25,61.08
1,33.65,22.09,34.6,38.89,45.06,45.45,49.81,45.75
0,30.91,31.81,42.77,35.24,44.56,42.89,73.88,68.67
0,33.48,24.6,42.11,40.77,43.48,53.56,66,66.55
0,24.14,15.28,44.04,25.32,37.63,28.93,48.04,44.49
1,104.33,56.18,142.49,72.65,141.74,103.66,150.32,106.64
0,32.54,27.89,41.13,35.12,48.31,45.25,65.85,56.96
1,44.95,36.03,54.78,44.79,56.82,47.2,65.38,49.66
0,24.36,15.75,36.59,24.16,43.08,29.68,62.6,49.53
0,25.77,18.47,35.41,28.13,45.5,39.2,96.39,46.77
0,26.59,14.02,31.13,17.53,41.56,25.57,54.94,52.25
1,40.44,32.32,45.22,38.82,48.21,46.03,65.98,62.85
1,31.78,25.01,40.3,42.92,42.95,47.68,67.76,72.56
0,44.06,39.15,54.4,42.85,62.21,63.25,74.94,75.87
0,24.94,13.07,41.26,22.68,35.2,17.63,44.35,32.22
0,34.3,31.33,55.64,43.78,85.57,55.47,105.12,73.86
0,27.92,21.77,41.87,29.95,47.81,29.64,78.83,56.01
0,33.5,22.92,40.66,27.09,58.55,39.63,77.34,51.65
1,26.39,12.86,32.34,27.38,41.1,25.78,47.73,35.94
1,27.92,17.17,32.27,29.01,43.2,37.33,75.08,50.29
1,26.2,17.87,33.84,25.64,37.31,28.66,46.14,36.11
1,27.33,18.41,38.71,28.96,58.55,30.09,80.08,38.38
0,29.75,25.13,55.14,32.08,56.1,43.03,103.47,65.74
0,23.34,16.85,39.73,24.69,46.97,25.81,66.14,52.59
0,30.57,22.23,37.62,26.48,44.96,37.4,84.16,58.67
1,26.5,18.35,37.6,21.6,41.15,26.94,69.82,39.38
1,30.27,17.36,38.25,25.54,42.48,32.37,61.39,47.45
1,27.73,14.27,33.74,27.85,42.04,30.59,56.92,42.71
1,32.13,27.98,39.44,38.33,43.6,44.36,79.04,59.77
0,33.91,25.74,45.81,43.58,53.01,75.56,94.42,80.54
1,30.55,29.47,49.47,41.13,51.12,37.84,98.32,61.23
1,30.8,25.12,47.22,31.4,42.69,46.67,70.95,64.53
1,35.08,21.9,37.24,36.27,49.39,48.43,104.33,61.86
0,33.66,20.76,46.69,26.77,51.2,34,88.07,35.66
1,37.26,24.34,48.77,32.98,44.85,46.63,81.17,56.42
1,26.35,14.37,30.19,20.35,38.66,30.9,67.57,43.33
1,33.37,23.94,59.48,28.61,50.76,30.31,87.02,42.92
0,31.74,21.64,55.51,52.82,51.53,55.83,77.25,68.57
1,23.1,13.18,26.98,23.38,33.6,26.25,53.71,52.61
1,25.09,15.93,35.41,24.05,39.64,45.3,52.08,54.01
1,21.61,12.29,25.35,17.63,25.86,23.08,39.79,44.14
0,33.9,24.67,48.15,33.72,46.95,38.73,88.49,56.14
1,44.39,30.97,55.4,39.53,56.1,40.94,90.19,53.63
1,33.97,21.42,46.21,40.89,48.77,33.22,88.84,58.22
1,36.51,26.02,47.8,60.4,60.66,51.13,77.09,85.59
1,33.7,20.49,49.6,42.19,49.64,42.6,86.23,61.71
0,39.63,28.25,50.74,40.6,66.37,42.92,105.59,55.79
0,32.15,23.51,45.52,38.99,53.9,49.87,88.92,46.37
1,34.59,33.44,44.15,40.7,51.99,59.19,85.24,76.32
0,25.63,22.65,43.46,36.36,41.08,42.24,65.23,55.88
1,43.6,27.64,51,39.16,52.59,60.73,86.29,66.68
0,38.86,25.41,47.08,36.32,47.91,43.97,64.38,49.56
0,48.95,27.92,47.9,35.47,52.01,41.17,59.48,63.63
1,28.64,16.75,33.39,26.7,43.66,27.96,57.62,48.92
0,34.39,25.28,56.23,40.68,76.39,52.25,97.16,65.62
1,33.02,23.99,45.69,50.77,50.16,40.39,79.21,63.97
1,34.62,31.39,51.77,42.03,56.26,61.84,102.96,77.25
0,32.26,22.89,51.42,36.28,57.14,48.03,90.76,55.44
1,25.84,16.89,33.26,38.34,39.9,44.14,57.07,57.15
1,30.87,27.46,47.07,39.36,49.71,39.94,75.62,58.84
0,38.95,22.52,50.77,31.5,59.23,40.31,113.14,63.33
0,42.98,32.6,50.08,38.07,50.23,41.71,89.17,66.91
0,40.59,28.37,54.82,32.99,75.26,52.73,123.32,92.99
1,32.78,26.67,43.06,32.86,50.27,47.59,79.21,64.92
1,49.66,35.63,59.28,42.57,102.25,50.82,105.44,68.67
0,33.22,21.47,37.25,30.54,37.26,31.49,65.56,54.71
0,42.25,29.63,50.84,36.87,67.31,45.63,105.75,83.33
1,40.38,39.18,48.92,48.36,47.23,60.48,109.39,93.28
1,27.48,18.17,37.28,35.96,51.33,42.57,96.25,77.05
1,32.74,23.84,42.16,30.89,50.67,39.21,109.4,63.98
1,35.83,29.57,39.78,38.64,45.68,49.55,86.24,93.64
0,46.09,36.04,50.39,42.31,58.17,55.84,85.08,64.62
0,37.56,26.57,50.72,31.95,55.52,33.51,76.07,64.27
1,53.62,49.38,64.89,58.97,86.37,84.03,129.23,86.38
1,50.31,36.59,73.14,50.71,74.55,61.66,110.4,68.25
1,32.91,18.53,40.88,25.86,41.27,24.54,49.6,39.92
0,25.97,32.43,36.16,39.55,52.06,44.03,106.34,70.67
0,42.52,34.82,58.72,42.45,85.9,51.56,127.43,61.44
0,45.52,33.74,60.48,51.25,66.75,58.35,119.3,76.1
1,36.32,30.88,38.78,38.61,42.11,51.03,64.57,76.35
1,32.3,26.98,36.73,28.89,40.43,38.11,89.43,56.27
1,41.38,31.13,44.66,40.14,61.49,56.57,81.2,78.59
1,45.26,40.94,48.37,42.74,57.52,52.65,105.34,85.43
1,33.06,26.23,44.64,41.16,45.73,36.18,58.42,40.51
0,32.47,22.73,50.78,34.69,51.72,42.06,75.99,74.22
0,39.86,33.28,54.79,41.13,57.46,52.9,94.82,87.32
0,43.76,26.82,49.96,37.44,59.45,44.7,83.32,56.16
1,39.16,22.65,58.83,30.8,57.5,36.73,79.8,41.34
1,33.48,28.53,49.86,37.23,57.14,49.86,93.07,64.21
1,24.27,13.85,26.6,19.55,35.32,26.62,48.37,41.74
1,43.29,34.71,51.87,42.73,53.87,37.01,77.83,59.81
1,32.79,27.25,44.88,40.92,51.46,45.84,69.53,59.68
0,35.32,26.8,45.8,34.01,57.24,44.47,73.09,60.47
0,35.51,27.17,50.88,43.56,55.14,46.86,99.2,66.54
1,36.25,26.09,55.57,52.42,52.59,47.73,89.14,99.74
1,66.86,24.5,78.22,33.06,99.07,43.6,126.91,56.04
1,27.52,16.79,35.28,25.17,43.46,34.22,66.56,50.73
1,29.65,46.93,53.5,51.93,52.77,61.63,77.17,81.27
1,32.65,31.23,44.89,43.91,62.78,46.45,109.19,75.8
1,24.35,16.45,38.09,21.86,39.36,28.47,54.7,54.37
1,27.63,19.48,46.82,25.96,53,35.04,87.7,60.45
0,30.2,21.61,43.41,34.56,41.97,35.12,59.83,53.9
0,33.74,25.66,46.07,37.34,51.22,48.36,73.76,69.05
1,34.72,45.33,45.21,59.34,52.34,63.49,87.98,91.42
1,26.24,17.75,42.55,27.39,46.93,27.07,65.53,47.38
0,33.29,23.83,39.01,22.72,34.2,25.06,41.28,29.8
0,34.45,30.96,49.08,42.76,62.96,63.05,90.24,64.67
1,33.33,18.64,40.4,27.49,46.23,39.72,67.37,71.61
0,38.16,27.99,51.21,41.26,51.61,53.56,101.51,98.77
1,28.77,17.98,34.21,25.78,45,21.32,75.25,49.88
1,27.43,12.19,30.54,20.61,37.7,25.88,66.03,34.54
0,23.73,16.16,28.08,21.08,36.07,23.18,63.34,46.07
1,34.68,28.96,51.45,47.42,51.35,60.91,88.49,75.81
0,30.01,19.47,31.78,18.58,39.03,27.98,65.96,58.75
1,58.47,61.67,66.5,66.19,109.46,83.96,116.42,108.97
0,38.55,27.93,44.26,34.26,55.35,48.33,98.3,76.78
1,32.31,20.69,43.15,24.44,44.01,32.13,55.81,48.18
1,36.06,29.18,47.92,35.15,52.97,50.49,92.03,55.14
1,25.82,17.58,35.27,24.11,38.12,29.11,56.98,40.43
0,35.94,19.19,53.71,25.26,56.73,29.5,84.38,42.25
1,33.81,29.58,51.53,38.77,58.99,43.06,102.62,58.4
1,58.83,31.76,78.09,36,101.41,47.88,113.82,56.56
1,34.25,25.88,45.26,33.38,51.54,49.98,89.91,72.56
1,25.45,17.58,34.86,20.76,38.27,37.58,54.11,62.42
1,32.68,21.11,46.3,30.02,54.11,49,82.99,72.39
1,32.71,18.3,51.04,31.53,50.69,38.59,67.72,51.62
1,32.09,25.44,42.57,33.78,54.72,43.48,66.62,55.26
1,35.51,34.81,42.67,44.82,43.74,48.26,76.02,90.96
1,37.46,25.9,59.93,36.63,76.36,46.13,111.47,71.8
0,42.32,28.22,52.46,44.53,53.63,54.34,89.49,70.67
1,89.4,63.53,116.44,90.7,129.86,102.52,129.59,95.73
0,32.39,22.2,45.74,30.86,53.29,38.17,70.28,54.24
0,39.04,29.73,44.35,32.57,54.8,43.42,121.13,66.3
0,32,19.23,40.13,26.78,44.14,33.37,68.07,56.26
0,59.16,32.51,87.98,47.43,102.47,64.46,122.82,85.89
1,102.2,56.31,115.52,61.95,134.22,89.74,149.45,117.51
1,55.58,33.26,73.97,44.44,102.38,49.41,124.63,71.47
0,34.39,23.57,41.56,42.37,49.93,57.02,87.8,71.48
0,43.34,22.42,53.17,28.73,57.74,37.4,91.5,56.32
1,39.02,35.64,46.72,46.9,60.6,58.46,65.26,80.93
0,36.19,25.44,45.44,41.61,43.3,40.4,91.31,51.21
1,27.26,24.56,40.63,30.77,48.9,42.33,76.45,57.88
1,24.5,19.5,31.83,25.36,42.25,29.74,56.74,40.65
1,42.69,28.62,67.05,49.85,95.26,75.94,130.66,86.44
0,49.35,37.95,68.06,52.46,62.58,51.16,104.21,77.65
1,38.75,61.66,54.57,55.48,57.79,54.47,109.84,82.89
0,32.29,22.99,44.23,33.29,52.55,44.36,71.25,55.17
1,40.67,23.47,49.17,35.78,56.66,45.01,84.87,53.62
1,35.84,25.54,43.01,31.2,50.19,35.41,73.5,44.51
0,43.93,29.41,54.4,51.95,62.68,60.86,102.97,66.11
1,34.51,24.34,42.26,31.33,46.83,39.93,51.9,55.43
1,43.37,51.08,51.68,49.89,67.88,86.19,106.52,113.39
1,40.58,26.14,50.21,44.39,57.59,53.07,77.24,86.3
1,34.58,28.71,51.25,42.89,57.78,36.93,90.17,59.68
1,38.66,21.49,54.89,35.09,58.65,34.42,90.25,63.9
0,34.97,30.6,47.65,31.01,49.15,45.07,86.22,56.7
0,30.73,24.12,41.58,31.58,50.3,33.38,74.98,71.77
1,32.39,27,50.49,36.52,53.2,53.14,71.26,59.05
0,24.63,14.82,31.45,22.01,39.37,21.81,45.94,28.44
0,39.02,28.26,51.08,41.62,51.9,47.88,65.73,79.6
0,35.94,22.34,47.26,35.36,56.39,33.35,105.23,60.59
1,27.02,16.91,30.51,25.55,39.32,39.23,57.06,60.95
1,26.53,17.75,42.3,25.68,43.95,27.22,47.79,28.51
1,32.39,23.9,49.31,31.82,56.97,39.16,99.64,56.91
0,29.48,19.05,42.4,24.96,42.62,36.27,75.95,56.33
1,27.71,19.19,31.66,26.03,39.61,40.47,50.68,47.84
1,38.53,27.04,40.08,39.44,46.04,47.57,79.58,62.99
1,31.81,17.68,41.31,26.12,44.18,28.48,65.25,42.46
0,33.66,36.31,50.7,45.42,63.95,54.87,119.69,85.97
0,27.48,29,49.43,48.48,55.47,48.91,81.05,78.23
1,29.42,23.46,43.02,34.08,51.46,49.51,54.07,64.82
0,32,27.57,49.06,43.57,50.23,40.93,95.98,64.92
0,34.3,20.3,40.27,30.21,42.66,41.99,52.09,50.98
1,34.41,24.73,41.15,35.21,48.05,41.64,76.86,59.09
0,38.54,23.96,51.77,39.95,66.61,50.16,89.6,54.62
0,46.42,41.15,54.15,41.7,69.66,60.16,123.25,78.72
1,30.18,18.72,36.85,23.29,45.7,32.34,66.21,52.89
1,45.88,31.81,56.87,46.27,69.18,67.45,91.16,96.19
1,32.82,31.79,39.05,42.23,45.72,52.59,66.54,65.23
1,32.41,19.37,36.68,21.14,40.64,17.83,67.35,49.97
1,32.3,25.67,38.35,32.39,34.9,34.01,66.75,50.78
0,45.77,27.58,70.75,37.65,66.75,44.83,110.76,56.43
0,25.76,18.07,33.61,22.73,38.21,24.47,50.57,41.41
0,37.28,23.36,43.82,24.94,45.68,24.82,65.94,52.32
1,47.51,44.06,83.27,49.32,90,52.88,115.27,72.66
1,35.86,21.62,49.54,33.93,55.52,34.83,79.41,58.1
1,34.08,29.95,45.37,42.82,51.91,43.81,87.74,66.15
1,48.82,27.98,53.99,36.84,87.57,44.52,116.91,65.86
0,34.88,18.15,47.09,26.81,52.42,31.08,61.02,45.12
1,25.28,22.92,39.78,21.46,48.15,24.43,56.45,41.12
1,31.14,30.04,52.39,42.22,48.9,43.64,72.41,75.03
1,29.97,25.18,35.81,28.65,46.32,43.41,70.99,49.88
1,34.84,24.58,45.95,37.19,56.41,51.97,93.42,94.6
0,36.8,27.01,48.25,31.7,48.03,25.48,85.21,53.39
0,29.64,19.08,37.18,28.55,43.58,27.59,65.23,58
1,39.18,32.34,54.12,44.1,55.88,46.34,90.76,59.34
1,31.21,20.78,46.59,39.76,42.69,39.63,72.3,56.61
0,23.6,17.55,33.3,25.39,44.59,22.86,49.53,54.18
1,29.56,14.5,41.94,31.7,49.86,43.63,71.44,56.6
0,25.8,13.93,27.94,28.28,28.89,30.45,50.11,44.94
1,30.39,18.55,34.6,20.11,41.18,16.85,46.09,37.71
0,23.98,13.76,27.29,24.91,37.08,29.11,44.89,43.23
0,30.75,20.71,49.77,29.23,49.14,43.01,64.4,52.88
0,25.58,16.04,39.35,27.24,42.92,26.12,51.92,40.31
1,26.03,12.61,38.67,25.18,41.69,39.8,87.01,60.97
0,23.5,12.61,35.97,26.68,40.02,28.79,59.69,45.69
1,30.53,21.13,37.97,29.35,41.86,32.14,50.52,39.11
0,29.38,13.1,47.36,18.53,43.99,19.16,74.84,42.95
1,28.67,19.42,29.7,23.47,34.45,27.47,50.76,52.05
0,25.78,17.45,37.74,31.75,50.66,45.4,65.98,59.84
1,24.93,14.3,33.82,24.43,33.85,33.1,50.07,48.02
0,27.07,18.56,52.69,29.93,48.98,45.4,85.82,59.25
1,26.23,17.82,28.92,34.26,38.43,35.04,70.08,51.59
0,26.06,16.67,32.63,23.19,33.42,36.35,50.75,46.29
1,43.87,27.79,46.58,47.67,55.35,37.05,105.36,49.39
1,30.75,17.08,31.49,16.22,39.33,26.22,39.6,29.25
1,30.29,25.33,34.65,23.52,40.76,30.77,64.45,41.79
1,40.21,32.85,51.85,34.81,59.72,35.61,65.86,47.03
0,24.15,13.21,36.42,23.74,40.48,20.98,74.8,47.03
0,37.69,26.27,52.21,34.19,55.33,40.35,80.52,57.31
0,25.96,23.34,34.55,32.07,40.64,29.69,65.61,50.35
1,34.65,23.43,42.8,29.26,53.98,32.34,85.99,36.88
1,41.95,32.61,47.92,32.89,49.89,39.31,83.23,55.76
0,41.93,25.05,49.89,38.27,57.59,55.84,77.56,59.51
1,28.5,28.74,42.56,41.83,50.66,43.22,57.97,77.62
0,39.43,26.11,43.13,34.66,39.52,36.3,67.29,45.63
0,25.45,16.54,46.37,28.47,37.29,30.63,63.52,56.12
0,44.07,33.1,52.66,45.05,50.67,45.33,79.18,69.07
0,48.27,36.72,62.43,48.66,63.11,56.91,129.61,81.8
1,36.55,33.78,52.04,38.12,49.22,51.8,61.28,62.92
1,26.81,24.65,45.46,34.79,48.06,34.62,66.31,46.84
0,41.44,39.66,50.84,45.96,67.26,56.21,123.23,68.29
0,38.01,35.91,40.22,39.02,61.83,54.31,89.63,70.47
0,33.79,17.77,38.44,31.98,43.84,29.06,77.55,36.88
1,30.95,15.04,37.57,25.33,43.58,23.47,54.4,40.27
1,34.02,23.79,42.4,29.57,44.68,40.84,65.16,49.51
0,30.07,23.46,39.17,35.92,44.35,34.7,72.06,31.47
1,29.63,23.51,49.28,36.63,52.2,35.16,64.67,56.48
1,34.7,27.69,43.71,35.02,54.45,47.91,65.61,55.55
1,50.85,49.3,63.48,64.62,65.33,65.17,104.65,112.82
1,33.89,24.35,49.78,45.56,57.21,60.24,85.11,76.02
1,36.16,30.39,49.66,40.37,53,40.05,85.66,58.93
1,30.87,18.98,44.93,31.39,46.83,30.48,65.82,39.58
1,38.19,22.52,51.1,34.57,56.38,49.87,76.64,61.27
1,37.39,38.07,47.53,50.19,52.42,55.47,62.8,75.38
1,40.16,23.6,46.58,33.45,58.72,36.49,87.69,58.43
1,34.17,23.5,38.36,39.11,37.88,40.31,65.87,64.22
1,44.62,34.14,53.63,47.41,53.77,62.47,79.26,92.07
1,49.79,33.51,61.34,54.44,89.16,69.61,128.27,74.39
1,26.69,18.4,41.36,38.4,39.47,41.26,83.23,56.44
1,45.76,31.35,95.52,54.32,103.36,66.59,131.48,76.82
1,33.58,25.22,51.73,44.8,77.51,56.38,114.26,69.78
0,38.88,30.36,53.6,42.62,47.23,47.6,93.82,64.5
0,48.02,33.92,112.58,41.37,122.15,52.37,127.19,76.11
0,30.87,21.69,42.62,38.82,42.66,44.76,71.83,55.21
0,41.15,43.07,52.35,41.45,53.42,44.6,68.3,66.06
0,39.03,30.65,48.35,48.86,49.39,56.78,83.44,83.67
0,41.61,31.84,57.39,42.21,56.62,39.6,83.91,76.9
0,40.6,30.24,53.42,49.93,52.78,47.04,76.22,67.67
0,47.02,41.51,80.31,49.95,117.03,54.21,122.42,80.48
0,63.6,54.96,109.63,55.29,122.15,75.01,125.22,79.41
0,41.71,30.37,46.3,47.74,55.09,60.48,73.79,87.86
0,39.61,38.73,43.55,37.78,49.95,51.03,76.27,64.96
0,37.3,42.08,50.12,46.05,55.07,50.73,75.55,68
0,53.27,48.47,67.94,43.38,89.05,77.54,120.52,84.21
0,45.71,35.36,55.19,44.12,67.34,40.29,105.72,62.38
0,35.37,18.48,41.43,36.76,41.49,34.27,66.07,60.14
0,44.71,33.12,48.12,43.25,49.6,53.87,78.18,75.12
0,42.23,43.49,57,36.85,58.24,58.35,107.64,90.26
0,63.57,29.48,74.76,37.95,89.77,49.44,107.71,56.14
0,39.28,26.05,47.89,28.97,50.83,35.42,64.78,54.84
1,29.14,21.22,45.52,36.75,48.96,35.78,66.06,56.3
1,35.38,33.53,51,49.8,63.47,43.08,110.05,78.36
0,44.28,30.7,44.41,36.54,45,51.95,89.33,73.99
0,38.9,29.74,46.32,36.94,57.49,48.3,93.38,57.41
1,38.38,26.77,41.73,35.7,52.66,44.42,87.07,60.93
0,44.71,32.54,54.13,37.31,64.17,41.35,99.94,63.56
1,31.66,32.93,43.22,42.21,52.35,47.07,76.4,74.99
0,47.37,29.82,66.88,39.55,109.46,59.38,120.99,65.45
0,47.09,28.64,45.54,34.7,54.38,44.83,106.52,67.68
1,33.65,28.72,37.39,30.09,43.45,43.64,74.55,74.69
1,34.53,27.74,37.93,25.88,41.39,35.81,76.26,60.77
1,28.89,26.49,40.4,33.02,47.33,38.92,56.21,67.41
0,38.74,23.05,50.06,34.23,43.9,31.59,69.43,58.22
1,36.79,24.49,39.22,26.59,44.32,35.82,67.91,41.98
0,25.81,16.03,28.75,17.25,34.74,20.11,64.26,29.38
1,44.48,31.42,54.88,40.97,69.69,48.1,105.51,67.86
0,48.2,29.98,51.45,42.06,58.95,47.7,123.8,57.01
1,26.76,19.68,31.96,33.14,38.63,40.71,61.81,60.54
0,39.94,26.12,43.95,37.25,47.96,48.11,72.56,71.51
1,31.83,22.62,34.79,24.73,42.95,35.73,74.63,54.11
1,41.26,30.75,67.44,42.75,76.46,62.96,123.79,88.73
1,32.13,25.54,45.05,39.36,49.95,47.62,78.93,79.56
0,36.27,28.49,48.79,37.28,48.9,36.93,96.43,70.94
1,35.95,27.65,48.33,36.11,52.7,43.46,65.67,61.61
1,31.31,19.31,34.94,21.83,45,31,65.84,48.92
0,36.08,26.66,43.25,37.75,51.64,35.32,104.38,65.29
1,42.36,34.58,63.89,49.99,92.51,59.38,114.76,86.65
0,32.48,30.95,37.07,31.03,42.78,43.6,64.2,66.78
1,24.83,13.37,28.07,14.52,39.41,20.82,63.65,30.81
1,40.31,30,43.35,47.51,50.19,55.47,78.18,71.98
0,39.07,27.92,46.73,38.7,51.85,49.7,87.62,69.86
1,29.36,28.67,40.61,44.36,42.14,51.07,81.88,77.42
0,29.44,20.07,40.35,29.75,46.04,33.29,75.95,44.16
1,26,25.39,41.42,47.2,41.39,52.03,70.02,80.93
1,40.42,28.95,45.96,48.13,46.98,48.29,76.01,91.05
1,34.28,16.4,46.79,23.66,49.34,40.94,66.36,56.59
0,26.77,22.78,42.54,36.92,48.22,62.94,67.81,68.38
1,34.21,29.31,45.86,36.42,49.41,45.38,83.06,59.06
1,32.14,16.16,40.96,39.1,49.27,53.15,66.24,74.1
0,23.5,14.24,32.21,28.52,39.9,34.63,65.51,63.56
1,31.19,21.42,39.05,35.21,43.53,37.17,56.32,45.51
0,27.92,19.15,28.12,20.32,30.71,17.84,57.04,37.29
0,29.1,25.01,38.07,30.9,44.29,46.01,72.07,40.35
0,36.19,25.92,70.49,36.37,89.95,46.21,110.26,71.9
1,40.26,24.83,44.63,26.66,62.58,36.07,85.52,51.1
0,34.93,23.19,41.3,25.53,50.37,47.98,66.49,61.91
1,33.35,20.47,38.54,25.09,46.41,35.37,76.42,50.05
0,33.18,18.16,42.52,26.91,51.31,35.21,85.92,50.48
1,27.48,12.14,32.39,23.67,39.49,28.34,52.39,39.11
0,44.59,25.44,58.29,39.31,70.67,41.55,99.36,66.95
1,26.79,19.83,48.34,30.91,50.94,39.94,106.15,61.43
1,29.85,20.32,36.27,24.77,36.48,37.97,66.48,70.97
1,29.34,22.76,38.77,27.19,39.09,39.9,73.51,49.68
0,23.91,16.74,30.65,19.82,37.55,32.96,51.57,44.82
0,32.82,26.15,42.92,27.22,57.19,33.3,89.28,46.77
0,34.45,20.54,42.3,32.16,42.66,31.14,55.03,41.46
0,32.02,20.14,38.71,29.9,41.75,37.71,87.88,70.67
0,33.7,22.27,52.18,30.45,59.25,36.57,77.29,47.91
0,50.07,32.41,55.64,35.11,57.58,43.46,89.84,71.13
0,43.26,32.7,52.73,41.8,51.17,57.01,85.74,59.71
1,31.21,18.22,31.38,21.4,38.65,20.2,50.42,25.94
0,36.41,24.07,44.23,36.3,60.66,41.67,89.98,67.57
1,26.6,12.14,25.6,15.04,27.57,18.47,36.55,29.84
1,42.56,19.42,45.79,25.8,47.47,41.96,69.89,58.39
1,27.09,20.81,32.96,20.01,33.34,20.2,46.5,40.59
1,34.68,21.74,44.13,41.79,51.55,49.85,102.09,90.8
1,33.64,36.24,36.42,42.39,54.45,36.8,96.43,87.88
0,27.29,19.63,36.45,29.2,46.27,24.22,57.17,52.36
0,24.67,13.02,33.37,20.14,39.98,28.96,61.75,39.9
0,39.38,31.84,41.71,52.34,37.4,63.98,75.61,85.64
1,26.34,21.54,35.91,33.97,40.31,45.72,60.29,56.6
0,33.51,20.95,42.94,35.6,48.03,40.28,80.49,53.55
1,33.11,21.52,33.77,29.52,40.39,36.76,37.83,59.16
1,33.02,32.03,35.32,33.65,46.3,41.99,55.25,56.72
1,47.58,49.15,51.7,62.61,65.22,93.21,116.65,95.72
0,40.74,33.2,50.41,45.95,50.57,45.28,101.45,64.62
1,31.33,20.3,41.57,43.96,57.58,57.38,93.9,60.78
0,36.42,25.05,40.19,29.3,45,42.39,77.25,66.42
1,32.74,21.16,38.59,33.3,47.15,39.14,103.58,49.59
0,45.45,31.84,46.95,43.97,45.83,43.74,74.82,74.08
1,54.24,37.09,68.25,61.47,87.34,61.27,120.8,72.23
0,32.39,28.5,42.8,31.76,48.6,35.81,78.02,53.62
1,30.4,22.42,38.7,38.08,47,46.24,87.62,57.05
0,35.94,24.88,40.98,37.57,41.77,32.51,72.54,46.72
1,29.19,20.68,29.39,22.77,39.1,34.77,39.18,46.5
0,36.07,29.7,38.97,29.26,46.14,33.65,66.79,50.33
0,46.58,23.49,47.04,32.8,61.68,46.67,103.29,62.15
1,46.79,31.47,55.09,42.12,59,46.05,106.73,77.24
1,40.68,38.38,53.67,40.52,58.53,45.82,111.95,70.56
1,35.53,27.53,48.03,33.65,43.24,37.91,76.74,56.75
1,33.31,29.21,47.46,37.49,52.81,54.08,88.94,77.35
0,48.39,35.15,59.04,53.72,66.07,62.49,100.98,103
1,32.59,22.86,33.5,33.15,38.31,31.3,58.64,46.56
1,34.24,25.08,36.36,32.68,42.07,32.2,76.41,47.45
0,30.55,17.47,36.4,18.46,41.51,29.82,51.76,46.51
0,124.49,48.56,110.99,47.33,149.59,47.29,149.84,66.66
1,24.18,14.88,26.37,16.64,25.95,23.17,41.01,45.86
0,34.48,34.52,41.62,40.45,43.93,39.38,78.15,69.51
1,33.59,23.82,49.13,36.46,51.17,42.18,106.36,60.09
0,24.35,20,39.69,28.74,35.02,28.99,74.37,62.89
0,42.77,39.57,59.66,51.57,68.44,83.78,108.55,90.78
1,46.17,34.55,53.68,54.83,60.45,54.21,89.9,88.29
0,34.95,18.97,45.14,29.04,50.02,32.54,81.13,54.95
1,34.09,27.07,44.77,32.26,47.89,39.2,89.31,74.8
1,33.29,27.25,46.14,32.79,42.19,35.43,75.89,75.97
0,37.68,26.17,53.51,37.71,78.6,43.1,133.19,78.2
1,46.05,34.31,93.31,36,88.93,57.38,125.13,75.22
0,23.1,16.75,28.32,17.66,32.59,23.08,45.2,36.26
0,28.65,16.94,30.63,24.82,43.97,27.37,112.53,50.39
0,26.45,16.41,24.26,19.83,33.87,26.76,70.78,34.14
0,39.87,39.07,46.29,38.27,49.85,42.49,86.1,48.89
0,36.55,24.99,50.82,34.35,52.77,43.01,85.77,48.01
0,26.47,17.97,36.55,23.53,45.67,37.23,76.9,51.17
0,27.45,22.72,42.94,28.28,54.45,41.91,78.47,55.23
0,35.38,28.33,44.26,30.85,43.33,33.35,86.86,57.12
0,24.45,21.34,36.18,24.66,47.13,29.66,73.66,58.44
0,34.6,26.44,38.87,28,44.96,30.98,81.24,45.21
0,26.8,20.94,32.09,27.81,44.35,42.45,50.36,48.28
0,24.03,16.39,34.24,32.13,36.04,34.42,68.32,45.4
0,31.87,26.74,38.33,25.4,54.14,33.3,79.35,55.54
0,35.24,27.57,38.07,29.72,45.02,39.88,88.37,55.83
0,62.85,30.38,86.31,43.7,104.98,46.41,143.07,82.53
0,30.33,27.39,46.86,35.06,53,42.63,107.72,58.6
0,25.66,17.95,32.5,31.29,47.94,48.97,87.16,56.65
0,22.17,13.1,27.18,20.44,29.31,26.49,50.54,37.68
0,25.85,20.47,32.97,22.15,38.21,26.72,66.23,43.25
0,26.78,18.33,34.88,27.87,48.07,30.95,122.97,54.57
0,24.14,16.27,33.17,22.58,33.44,30.14,51.35,44.43
0,31.43,22.08,41.7,33.12,44.8,39.98,83,48.94
0,22.82,16.2,34.46,32.01,42.43,41.54,54.12,55.28
0,26.93,21.55,35.4,22.33,39.74,23.97,56.12,48.85
1,25.16,14.63,31.32,16.89,34.75,18.19,44.06,27.3
0,25.28,16.27,33.8,18.32,38.31,25.12,62.81,43.07
0,33.28,30.75,49.5,32.49,48.07,32.22,70.6,40.65
1,26.28,13.98,28.74,16.7,38.59,22.43,39.47,28.55
0,29.58,16.74,38.81,24.02,42.57,24.43,58.88,47.75
1,23.99,19.65,31.73,22.81,38.99,25.57,62.36,29.79
0,30.04,15.77,32.15,17.91,38.38,15.78,50.98,24.97
1,26.94,22.21,33.16,23.75,43.2,27.01,57.85,43.88
0,24.18,16.24,32.42,19.25,41.27,24.43,61.07,46.36
0,30.6,24.79,38.9,33.94,49.63,44.56,64.44,49.12
0,27.7,15.55,33.87,18.32,39.2,19.16,47.38,33.1
0,32.01,22.97,49.39,26.54,55.21,34.97,79.9,45.5
1,35.69,24.77,39.6,38.3,44.21,27.24,57.98,56.02
0,24.56,14.95,37.67,21,34.64,29.42,44.9,37.95
0,27.48,17.37,39.94,20.33,43.39,32.46,57.42,50.32
0,30.08,17.51,36.9,21.45,45.4,26.72,49.61,35.37
1,32.59,25.22,41.93,30.2,53.03,36.5,91.16,50.87
1,30.79,14.11,43.98,23.2,46.38,30.77,56.6,46.29
0,21.45,17.67,32.22,22.58,34.07,20.6,42.11,31.33
1,23.01,17.41,40.07,32.9,43.2,34.15,63.16,63.99
0,27.95,23.67,40.05,33.2,46.08,38.6,64.14,57.73
0,25.88,20.04,51.29,31.8,46.74,28.02,65.65,45.93
1,27.29,23.95,34.09,25.43,30.38,37.54,66.67,50.12
0,27.59,18.03,35.7,27.98,46.54,21.32,86.65,47.02
1,27.14,18.95,44.66,30.35,47.61,38.82,66.09,45.75
0,27.41,22.4,39.81,32.26,46,42.6,71.66,73.89
0,22.16,13.34,27.36,23.65,39.1,34,65.73,43.25
1,30.04,18.19,44.53,26.82,50.84,38.97,64.18,55.2
0,34.94,31.34,52.46,38.94,61.96,46.83,87.98,74.39
0,24.14,16.4,33.76,20.22,38.31,31.18,80.04,50.19
1,33.94,27.25,38.52,39.74,50.47,46.32,60.33,58.63
0,40.79,25.08,48.24,39.18,46.74,33.41,74.84,49.51
0,42.33,27.29,51.03,47.14,47.87,43.83,47.79,50.08
0,26.81,22.07,33.5,29.35,37.83,34.84,47.78,48.73
0,30.99,22.38,44.21,32.96,46.17,38.73,75.47,49.95
0,25.84,22.2,37.47,46.84,41.42,47.09,61.15,75.79
0,33.49,28.47,54.19,30.21,63.12,42.25,88.77,60.33
1,32.37,23.56,37.56,38.56,43.14,26.77,46.43,45.65
1,23.62,15.08,41.88,24.61,47.47,28.97,85.57,48.72
1,29.78,20.85,33.4,32.67,42.63,31.77,64.46,64.37
0,33.66,28.64,52.05,48.48,66.45,54.87,75.2,74.25
1,32.52,19.12,58.98,41.24,64.31,49.37,107.65,93.2
1,30.38,19.21,26.79,25.05,42.02,32.64,90.84,64.57
0,32.28,18.64,36.49,25.84,55.47,33.98,75.95,48.61
0,35.58,21.59,51.02,32.07,45.63,33.75,66.07,34.49
0,32.58,19.14,35.43,20.36,45.06,29.89,49.47,41.92
1,43.97,23.79,61.8,41.68,66.3,59.67,122.64,89.61
1,33.07,21.4,40.69,24.1,43.14,23.74,58.51,39.28
1,29.89,25.55,41.13,36.84,42.43,47.38,72.87,64.29
0,32.74,14.27,33.28,20.38,33.75,28.8,44.71,46.86
0,30.62,20.95,40.25,32.3,43.76,34.73,59.94,36.29
0,27.64,19.41,33.82,28.78,40.79,43.63,63.67,59.08
1,34.39,22.23,39.83,31.68,45.73,45.48,85.85,51.34
0,29.91,18.44,32.01,20.57,34.07,21.75,58.5,36.86
1,25,17.99,30.18,28.3,34.31,28.93,39.69,37.24
0,50.18,28.82,63.87,40.82,64.71,44.57,94.81,62.66
1,24.34,11.75,29.66,16.4,32.9,19.64,45.59,34.9
1,27.46,23.21,32.58,19.15,38.85,40.48,42.41,30.9
0,22.97,13.16,33.78,22.46,39.2,33.35,58.42,53.46
0,36.78,15.4,40.07,18.92,43.97,30.06,65.11,39.66
0,28.08,19.89,29.78,27.13,30.71,33.35,52.22,32.4
1,26.17,20.5,38.09,34.52,36.73,39.57,52.75,73.23
1,25.22,12.54,23.99,18.49,26.21,17.36,35.47,21.74
1,30.48,19.94,39.3,29.9,40.86,29.56,69.82,45.16
0,30.09,19.73,34.38,22.77,34.88,21.83,57.47,26.63
0,25.69,17.09,27.69,24.6,30.72,22.08,42.79,30.43
1,34.23,21.88,45.93,31.07,48.5,33.33,75.57,43.61
1,26.6,12.78,42.19,19.7,39.29,24.89,46.48,33.75
0,42.29,22.84,56.44,45.16,55.95,55.2,75.18,57.68
1,40.91,36.96,58.17,51.16,60.48,45.91,87.61,66.84
1,38.66,29.18,48.12,43.61,49.85,39.28,66.4,47.86
1,40.33,25.1,50.22,40.97,51.01,49.93,81.39,52.54
1,44.02,23.62,65.7,47.43,68.17,44.03,90.57,64.95
0,26,16.8,30.26,21.46,42.29,27.67,68.15,37.74
1,32.4,25.04,47.89,43.56,50.72,44.42,75.69,52.59
1,24.48,17.4,29.52,22.68,29.75,23.15,46.86,26.42
1,26.34,15.48,33.88,24.9,34.71,26.21,54.36,39.44
0,34.14,29.52,37.42,35.64,49.67,43.81,87.77,49.08
1,37.28,22.11,40.1,20.43,37.83,22.16,45.02,33.27
1,30.08,17.09,34.02,22.91,31.87,23.2,43.08,27.21
1,28.81,17.74,33.92,27.13,32.24,31.96,43.2,42.33
0,31.38,20.14,41.32,25.64,40.52,29.62,62.44,43.23
1,22.96,14.84,26.49,22.67,31.31,20.1,46.38,34.62
1,31.43,18.54,51.96,27.18,55.52,37.23,70.8,55.81
0,33.45,27.68,39.97,41.06,43.49,45.55,69.27,47.16
0,24,17.4,42.08,25.1,44.67,39.27,76.44,48.9
0,31.49,13.1,27.92,14.16,37.42,24.3,45.33,29.58
1,27.64,18.05,50.1,29.26,56.91,40.51,99.29,65.81
1,24.97,12.16,25.3,15.34,37.07,22.84,59.16,38.62
1,44.19,46.45,45.84,40.79,54.22,44.94,89.59,48.73
1,23.48,13.85,31.25,19.25,43.06,30.31,70.14,48.36
0,25.71,16.86,43.75,35.91,44.56,44.19,63.1,77.62
0,22.93,17.18,28.08,24.28,31.52,26.5,49.41,40.03
0,30.2,17.74,40.16,25.83,40.08,31.18,47.89,50.1
0,23.43,12.35,26.34,17.26,29.33,26.75,39.45,24.81
0,25.33,14.68,41.64,33.14,47.2,42.5,60.17,63.07
1,27.5,20.42,33.6,26.91,38.85,34.91,48.26,45.41
1,26.45,21.82,34.62,31.78,40.02,25.41,67.02,69.22
1,32.67,26.34,40.05,37.18,41.23,42.05,63.99,71.98
0,32.63,18.51,34.7,21.29,37.24,20.2,51.58,42.66
0,25.93,16.33,30.81,16.75,29.75,20.41,41.69,28.05
0,26.81,23.33,40.78,33.18,45.19,39.47,54.46,53.94
1,32.29,22.03,36.35,25.84,41.25,37.27,74.65,48.29
0,33.43,22.36,38.28,35.49,39.86,33.54,88,46.52
0,36.39,20.45,40.9,26.9,55.07,30.44,101.61,42.01
1,22.68,13.58,28.03,19.49,35.93,28.81,54.36,52.67
1,37.94,57.24,47.11,74.33,45.88,57.54,79.62,75.9
0,51.7,52.16,68.04,46.5,89.95,75.87,107.84,74.93
0,42.89,40.79,43.01,46.45,45.48,53.43,102.22,68.43
1,34.48,29.21,44.23,40.75,45.63,48.12,96.85,59.27
0,29.63,21.05,35.05,26.46,41.77,41.21,47.37,54.66
1,26.16,15.44,31.27,20.78,40.22,35.14,52.21,41.98
0,31.5,21.44,40.27,24.19,49.81,34.64,64.14,47.83
1,40.24,34.23,43.18,40.15,49.85,38.34,70.42,62.84
0,32.7,26.7,40.56,36.69,42.37,42.23,80.55,66.65
0,40,24.69,46.69,37.18,49.5,39.98,74.08,54.72
1,32.08,22.61,35.46,26.49,46.31,29.18,66.41,48.7
0,34.46,26.67,36.93,31.1,46.36,44.93,78.05,70.02
1,31.35,32.55,38.56,42.16,41.48,54.51,55.99,89.99
1,104.51,69.82,115.73,67.23,106.99,101.45,146.93,78.14
1,29.83,19.88,34.67,22.84,52.04,33.55,53.17,27.55
1,37.98,12.83,45.55,22.27,49.95,19.59,50.84,33.1
1,30.21,22.09,37.25,26.73,43.88,26.79,42.68,27.68
1,36.62,35.6,57.03,33.64,51.94,41.91,100.01,60.01
0,34.55,22.21,50.55,24.06,53.64,25.36,87.5,46.72
0,54.47,32.81,67.02,34.16,83.54,38.84,112.58,52.44
0,28.4,18.49,85.26,37.49,88.46,38.6,108.75,48.33
1,29.18,21.06,43.12,25.97,55.53,29.03,65.06,44.57
0,43.51,24.18,51.7,40.74,50.74,37.61,67.35,52.88
1,38.2,27.86,56.39,43.11,66.3,45.05,104.74,65.36
0,34.64,31.18,46.15,37.55,57.91,40.75,90.04,82.86
1,25.08,13.73,38.05,18.67,36.09,27.17,52.56,46.38
0,23.55,14.67,29.97,20.55,31.45,24.65,52.83,36.65
0,34.53,21.74,37.86,22.31,42.49,30.2,55.34,50.03
0,27.2,17.35,40.09,21.61,36.86,19.88,58.1,39.15
1,28.4,18.49,30.98,27.1,33.7,18.89,58.31,48.74
0,23.5,14.05,25.9,16.22,27.57,17.19,36.94,26.9
1,31.32,17.19,33.55,19.68,37.25,19.75,53.42,46.77
1,28.4,18.49,34.72,16.34,36.34,26.75,43.7,31.2
0,28.4,18.49,36.54,22.03,37.24,20.19,63.22,28.38
1,28.01,22.05,39.9,26.5,38.08,26.33,66.34,50.19
1,23.67,17.87,32.34,15.79,39.59,23.15,53.23,28.11
1,28.4,18.49,45.35,28.79,54.39,35.82,106.34,54.27
0,23.81,16.31,26.22,13.63,37.08,31.67,43.2,33.75
1,27.01,18.46,42.49,31.33,47.61,28.09,73.58,32.79
0,24.42,21.33,30.54,44.86,27.69,38.25,46.22,47.99
0,30.84,27.44,53,43.83,51.76,40.35,58.99,58.83
1,36.97,22.53,56.98,26.34,55.53,32.2,98.69,53.71
1,31.16,20.46,42.44,29.61,49.59,44.29,60.24,55.77
1,28.64,25.76,45.49,30.08,51.95,44.8,75.59,60.84
0,37.43,34.86,45.7,42.01,44.4,59.99,71.01,65.22
1,32.07,26.66,40.21,31.73,48.48,40.48,70.5,66.08
1,33.57,19.57,44.44,34.58,43.07,28.18,77.43,58.5
0,39.2,28,47.65,38.94,54.96,45.66,93.95,64.2
1,27.09,19.4,35.7,24.5,42.27,33.03,80.75,55.02
1,25.66,19.79,36.97,32.15,40.59,29,70.23,52.73
0,42.65,30.02,66.85,49.26,89.95,54.3,142.09,74.84
0,33.92,23.04,43.09,32.13,48.74,32.02,67.74,35.91
0,30.43,22.78,39.57,28.05,42.68,44.48,74.03,65.74
1,32.54,23.26,41.25,29.85,44.18,27.77,56.68,48.06
1,29.81,25.93,33.84,33.29,34.87,34.15,66.76,50.52
1,39.33,31.29,58.7,47.4,94.31,61.14,127.58,86.1
0,26.12,19.98,39.93,26.51,43.29,28.36,65.66,47.03
1,29.9,17.14,39.21,32.12,47.2,43.86,87.06,55.27
1,27.92,15.16,33.73,26.04,51.31,50.22,102.32,81.84
1,32.58,27.02,45.02,25.64,48.87,46.1,72.62,77.31
0,33.64,35.32,44.2,31.94,49.44,44.36,85.09,55.18
1,35.62,21.62,41.76,39.24,56.75,44.56,90.74,68.56
0,27.37,18.29,38.6,24.5,46.08,29.39,58.21,32.17
1,35.17,20.03,46.49,36.2,37.88,39.52,56.2,65.31
0,26.91,14.62,31.89,20.59,36.67,29.39,72.76,57.12
1,35.06,17.63,41.56,27.16,44.08,23.59,57.54,38.53
0,30.59,18.49,28.69,19.92,33.21,24.77,49.77,28.53
1,24.37,16.02,34.37,26.64,42.88,36.69,74.28,58.75
0,26.48,15.47,32.32,19.67,37,28.54,68.49,54.18
0,29.59,20.48,37.83,29.49,38.63,30.09,48.29,40.99
0,24.43,13.94,42.14,22.89,41.58,39.51,53.48,55.57
1,26.16,17.16,33.32,24.08,42.31,23.19,49.21,31.14
1,24.31,18.33,30.58,28.78,33.75,35.73,50.08,56.38
1,22.46,12.73,29.72,18.53,36.67,22.97,56.11,42.69
1,27.89,18.98,28.12,19.48,32.71,25.26,62.58,44.07
0,23.32,17.26,35.07,24.69,42.94,25.78,49.67,43.7
0,29.07,24.23,34.58,35.76,42.23,47.59,51.09,55.6
1,27.66,18.84,35.09,20.36,33.33,24.65,36.09,32.36
0,30.62,15.22,43.68,20.56,50.3,22.36,66.15,42.38
1,25.14,17.07,23.74,40,26.97,40.86,52.9,49.79
0,31.79,21.38,38.83,25.92,44.23,26.15,63.27,54.4
1,35.06,21.38,50.33,30.83,58.81,25.81,72.76,40.95
0,34.51,31.96,43.52,31.63,45.94,41.64,75.68,61.27
0,39.75,32.08,51.26,38.95,47.36,44.37,66.89,60.55
0,39.75,19.68,47.43,25.74,57.03,46.13,88.14,49.51
0,29.51,16.12,41.64,18.23,46.34,20.24,52.66,35.53
0,29.72,17.24,38.71,22.05,49.04,27.74,51.81,36.22
1,29.33,20.22,37.35,20.56,42.25,28.93,65.9,43.24
0,24.63,13.55,33.65,18.31,42.38,27.66,43.77,34.2
1,27.53,20.8,32.92,23.59,36.19,37.03,78.6,57.65
1,30.71,26.69,41.52,34.15,49.18,50.49,80.44,56.51
0,29.77,22.68,40.59,29.53,43.46,39.54,66.34,60.53
1,41.29,30.72,62.43,48.87,86.02,64.56,135.44,74.33
0,37.54,26.38,50.33,30.99,59.68,39.98,110.89,54.19
1,32.89,25.55,35.8,32.02,51.85,34.79,63.7,48.54
0,30.86,19.34,43.16,32.74,51.19,35.4,71.56,59.61
0,36.19,26.03,44.94,29.89,53.1,31.49,75.04,44.29
1,39.62,29.85,55.27,40.33,55.14,44.41,76.67,50.5
1,31.54,21.77,48.15,27.55,51.46,35.38,52.64,47.1
0,37.89,26.1,45.89,37.64,50.74,34.83,88.35,49.11
1,37.05,28.23,48.66,39.02,63.25,52.72,84.82,63.15
0,40.22,21.95,45.75,30.61,97.34,40.05,84.81,50.44
1,62.55,31.38,85.17,52.44,104.58,49.41,127.93,65.65
0,48.95,41.3,76.44,55.25,96.59,56.66,109.43,59.58
1,36.28,33.69,65.97,54.26,79.44,68.32,111.54,93.45
1,50.73,37.73,70.92,40.8,80.73,49.75,94.18,61.28
0,35.81,25.66,45.87,41.92,44.45,49.6,79.38,64.75
0,36.72,27.1,35.66,28.84,40.02,49.19,63.24,64.81
1,49.51,31.64,64.88,49.63,66.71,56.57,92.8,75.82
0,37.91,28.1,63.02,38.56,66.75,47.24,100.54,57.12
1,31.99,28.41,49.64,37.04,46.86,39.64,67.2,73.12
1,33.87,27.44,37.71,31.78,41.8,40.27,65.11,42.33
1,28.73,26.83,42,35.78,37.73,27.24,76.59,64.74
1,33.85,29.43,36.69,34.76,49.76,39.67,85.41,54.61
0,35.8,26.48,46.26,40.48,61.48,45.01,106.15,57.23
0,33.28,24.26,38.63,32.21,52.15,38.75,100.74,51.58
0,37.46,27.63,45.5,28,66.67,40.48,100.85,58.42
1,45.9,40.76,46.97,51.72,68.71,56.91,119.55,65.53
1,36.84,30.67,47.33,42.96,59.96,52.55,102.48,67.19
1,39.08,22.89,47.45,30.82,52.2,45.01,66.18,64.41
1,31.39,22.78,34.45,37.09,50.47,46.42,74.45,66.56
0,44.3,24.66,73.46,34.61,88.75,50.24,103.19,64.52
1,37.58,25.2,57.16,44.84,55.39,35.87,72.18,71.61
0,32.68,22.61,39.51,30.06,52.19,43.94,90.09,53.8
0,24.61,22.1,41.28,40.15,40.18,35.06,70.56,45.55
1,33.13,19.34,39.57,24.93,38.41,20.86,50.92,32.17
1,37.22,32.83,44.32,33.56,45.29,50.4,59.41,53.11
1,83.61,47.78,104.3,45.57,106.78,41.08,126.73,57.95
0,34.95,34.81,45.27,39.77,47.66,50.43,58.77,53.22
1,24.48,16.25,33.31,21.25,39.32,28.93,52.96,48.54
1,39.79,30.85,59.39,36.78,70.48,55.71,101.87,81.82
0,36.55,23.71,51.13,34.73,65.31,35.21,104.77,61.33
1,29.72,18.46,36.37,26.99,45.03,30.3,71.62,39.24
1,37.17,23.84,52.84,32.21,64.27,34.87,83.49,32.74
1,25.65,24.74,42.44,38.24,41.69,42.23,59.39,61.07
0,58.02,29.57,86.77,31.42,101,48.71,143.85,56.59
0,39.56,22.49,44.09,29.28,51.64,38.64,93.04,63.93
1,30.95,25.26,38.38,27.95,47.91,36.76,87.96,54.4
1,27.58,22.67,38.23,30.16,41.36,32.22,56.36,56.09
1,37.13,23.44,41.79,32.06,41.69,38.6,74.1,52.59
0,41,29.36,77.15,30.2,88.83,39.54,94.63,58.3
0,23.77,16.45,38.3,25.39,36.15,24.39,50.98,46.28
0,43.8,27.07,51.41,28.13,61.08,35.89,87.02,48.56
1,31.67,26.38,42.18,37.26,38.81,34.46,47.95,48.76
1,35.59,20.95,49.29,35.93,58.73,51.15,77.36,43.75
0,26.31,17.58,30.82,25.69,36.29,26.34,68.89,50.91
1,24.24,15.15,27.86,17.53,28.97,21.01,46.67,35.99
0,32.92,18.85,38.72,27.67,45.55,42.44,57.45,52.28
1,22.17,16.23,30.48,21.85,37.08,26.34,65.06,49.13
0,26.74,14.93,36.69,17.96,45.89,17.46,60.21,33.27
1,25.3,13.18,37.98,23.66,40.4,26.08,53.32,53.08
0,30.95,22.52,51.19,31.76,58.1,40.56,95.68,61.6
1,33.12,31.07,53.05,48.65,64.46,47.17,119.5,54.46
1,27.93,17.06,34.77,27.24,35.26,28.12,68.84,47.27
1,31.67,21,57.38,40.41,61.89,37.39,98.6,68.22
0,32.18,25.2,46.81,29.3,51.02,32.73,88.45,37.5
1,33.55,26.25,38.91,35.83,41.57,41.38,57.55,55.03
1,26.32,26.01,44.66,33.08,57.76,44.29,79.52,65.24
1,33.01,22.31,42.37,38.12,52.85,47.53,89.66,74.22
0,32.78,23.48,44.69,32.33,52.08,39.97,67.61,56.09
1,26.54,17.98,32.64,23.63,40.33,29.7,57.51,45.28
1,30.62,23.99,43.22,28.71,51.25,45.8,99.19,66.94
1,32.26,24.87,43.2,39.52,51.09,40.14,75.91,49.79
1,32.02,25.61,49.99,38.45,60.49,33.3,91.24,46.64
0,33.71,28.34,41.19,29.57,39.62,27.76,57.51,50.83
0,31.64,21.11,44.79,36.06,48.33,31.34,64.06,47.75
1,25.34,17.19,39.49,28.92,45.89,30.44,56.81,37.8
1,26.12,12.68,26.85,17.73,24.52,27.71,50.32,53.04
0,25.1,18.46,36.66,20.56,49.86,26.6,86.47,37.39
0,26.14,17.84,36.91,27.23,37.31,29.38,56.66,37.25
0,40.72,27.89,59.54,42.13,65.93,36.62,92.6,54.31
1,40.18,27.11,60.04,45.46,54.32,46.94,81.27,66.5
1,32.75,20.58,46.62,33.25,57.91,45.29,73.96,57.22
1,29.45,19.77,37.63,26.96,34,22.05,42.97,32.24
1,27.73,16.21,38.13,28.31,37.31,31.62,50.1,47.1
1,31.44,23.03,50.04,41.69,53.13,42.98,92.07,61.67
1,34.11,20.41,59.19,30.42,64.08,35.17,82.9,41.28
1,25.43,12.41,32.73,19.08,32.04,20.11,44.12,30.94
1,38.68,26.55,47.61,37.76,57.74,42.33,75.26,51.06
1,39.89,20.94,44.26,22.85,46.83,16.85,65,36.4
1,40.53,28.11,74.24,40.2,75.61,46.39,87.93,48.3
0,28.79,24.67,37.74,35.77,43.26,42.32,65.2,52.7
0,24.66,20.12,46.19,26.86,46.95,40.63,75.75,55.21
0,38.17,23.54,49.63,36.6,56.4,35.16,91.06,55.48
0,29.52,19.34,37.73,26.91,46.64,31.91,65.22,47.66
0,31.02,22.08,43.36,33.02,37.78,27.03,62.51,54.53
0,38.75,24.13,45.89,36.52,52.03,34.93,76.25,42.75
0,35.43,18.74,40.29,27.96,49.37,43.01,68.55,66.3
0,49.19,32.27,89.14,41.2,104.58,67.48,128.16,70.67
0,42.96,27.89,51.74,36.59,49.87,37.74,71.21,50.36
0,34.18,21.82,47.76,40.48,63.75,42.9,91.15,57.99
0,32.42,20.71,41.26,26.72,44.02,26.89,61,43.17
0,37.98,24.11,49.81,39.52,57.45,38.66,108.23,72.29
0,39.35,23.41,48.45,43.53,53.22,56.85,88.71,65.34
0,43.82,33.21,81.01,57.1,105.68,62.14,118.5,68.01
0,39.28,23.88,58.01,33.71,58.8,40.93,80.14,56.41
1,31.49,19.24,42.16,28.69,39.85,31.29,66.87,57.33
1,26.62,22.11,33.19,30.37,45.06,29.54,54.61,48.43
1,26.37,18.08,39.22,28.33,46.41,36.43,60.95,48.69
1,38.35,30,59.43,36.21,65.77,49.01,104.48,68.1
0,28.49,19.19,36.79,29.93,36.15,23.62,58.9,42.39
1,32.65,29.14,41.04,28.68,45.21,33.65,63.68,54.26
1,38.82,28.35,54.98,36.25,64.59,40.42,107.99,55.31
1,34.63,29.38,34.99,36.84,42.47,38.15,65.25,54.97
1,32.13,25.62,44.71,37.98,45.25,37.69,65.98,51.01
0,33.15,23.17,52.28,41.56,48.76,60.73,77.37,62.22
0,34.58,25.83,43.3,21.88,49.26,26.57,88.38,37.45
0,32.81,19.07,37.7,26.21,48.97,31.14,56.92,41.58
0,38.21,25.25,39.22,34.14,37.47,40.16,50.46,57.36
0,29.84,22.26,37.98,24.52,42.52,33.33,74.86,42.34
0,51.18,25.55,65.76,35.53,68.44,41.55,87.82,49.46
0,39.44,28.74,58.47,27.72,66.29,37.19,98.44,73.63
0,32.56,18.19,42.46,26.87,46.37,28.94,60.64,43.75
1,43.09,23.96,65.98,25.95,64.04,25.54,79.39,48.65
1,39.31,27.92,47.28,34.27,57.3,53.44,76.74,63.38
0,35.97,22.73,46.7,42.77,59.71,48.7,100.77,68.79
0,44.9,31.17,35.7,31.44,49.94,42.75,89.25,60.1
0,33.54,26.6,42.09,27.56,43.86,41.38,65.9,56.12
1,28.03,27.86,41.3,34.26,56.67,57.77,85.77,74.44
0,44.29,48.48,51.67,54.08,56.82,73.5,78.22,74.3
1,47.51,32.46,66.51,49.55,110.43,50.59,143.57,65.3
1,45.69,34.96,67.66,56.07,81.37,67.26,105.66,105.7
0,34.44,23.5,40.4,31.82,43.4,56.14,74.31,62.5
1,33.78,25,38.82,33.72,49.02,48.1,74.89,60.86
1,43.47,29.17,48.25,39.76,50.98,49.7,68.39,67.49
0,29.77,20.33,35.72,23.81,38.4,32.04,49.69,47.91
1,42.73,28.02,54.94,34,54.29,42.94,84.4,65.24
0,48.87,19.65,55.18,34.4,62.63,38.03,77,53.02
0,37.89,28.58,45.59,33.34,50.63,51.24,88.86,59.15
0,34.8,27.53,50.79,36.46,57.38,50.34,88.61,58.14
0,39.28,29.57,51.76,40.07,70.7,54.09,109.15,81.31
1,35.49,33.59,44.94,39.91,55.35,45.83,67.32,74.31
0,45.31,29.33,53.99,48.26,67.24,53.66,88.24,78.34
0,34.35,41.88,54.84,62.13,61.01,71.12,104.4,99.39
0,26.47,24.19,40.09,34.71,45.41,47.98,63.79,54.99
0,53.95,44.56,76.86,47.71,88.97,67.52,115.31,73.48
1,31.27,29.25,40.32,46.42,49.79,59.37,86.52,67.87
1,38.28,25.91,47.99,44.61,51.39,58.98,75.75,68.85
1,38.58,28.26,57.88,42.13,56.17,45.04,89,78.34
0,23.8,21.99,34.22,41.87,30.97,45.37,58.13,48.68
0,28.56,17.09,38.87,21.81,36.13,29.7,66.19,43.8
1,32.79,17.61,39.15,26.34,44.85,29.7,43.38,33.57
0,37.53,26.17,59.36,28.42,64.71,45.25,88.49,62.65
0,26.1,12.23,31.91,14.7,34.75,15.69,41.42,21.83
1,27.54,21.2,48.25,29.49,50.33,39.57,70.57,57.99
1,32.46,16.76,36.57,20.52,36.27,25.71,49.16,38.75
1,30.79,15.64,35.77,20.84,36.21,26.75,57.12,30.28
0,25.42,13.83,30.59,21.75,33.87,18.91,43.4,27.08
1,35.79,21.99,43.07,28.84,47.57,37.25,62.4,45.64
1,34.03,20.83,47,35.49,50.68,38.01,89.04,59.25
0,32.51,18.89,40.27,26.04,52.06,24.82,88.76,48.53
1,24.09,12.9,40.13,25.63,45,29.36,65.97,45.6
1,24.89,12.49,26.69,18.46,30.59,26.72,42.38,31.07
0,30.33,24,39.44,42.48,41.37,43.09,66.1,56.33
1,27.96,22.87,32.78,34.79,31.01,47.98,46.33,58.74
0,27.6,14.38,30.68,19.18,32.04,29.58,47.79,43.2
1,36.1,29.5,41.08,35.25,49.38,44.44,66.49,46.93
1,33.3,21.73,38.34,28.73,55.53,34.43,75.93,56.77
0,25.4,11.81,33.62,20.1,43.02,23.27,49.14,27.32
1,24.98,18.44,28.97,26.83,29.58,28.12,51.94,40.72
0,33.91,22.69,30.15,27.65,35.05,32.18,53.67,47.03
0,26.81,15.34,34.52,24.8,43.69,23.73,57.76,33.27
1,26.69,18.28,27.04,22.67,31.84,33.29,60.44,59
1,23.16,13.81,33.37,16.7,38.8,25.71,36.75,38.72
1,24.28,13.02,27.42,17.83,28.97,22.33,34.99,20.97
1,25.8,16.09,31.39,19.9,33.55,26.14,46.48,42.02
0,31.11,19.92,35.73,24.44,41.03,34.11,59.09,45.9
0,24.74,22.53,28.38,29.28,36.05,41.17,76.55,57.49
0,35.82,19.32,45.4,41.01,46.24,43.84,77.68,64.15
0,27.01,12.1,27.37,15.01,29.74,15.85,30.96,22.93
0,27.14,18.23,39.03,27.38,39.78,39.16,77.21,60.06
1,30.06,26.6,50.74,31.42,53.61,37.69,90.58,50.57
1,26.48,20.9,33.7,30.12,37.32,39.8,43.25,45.7
0,33.81,31.29,50.61,44.31,52.96,60.6,70.35,67.75
0,28.97,14.72,30.65,21.59,36.25,20.11,37.94,20.99
1,34.85,26.21,40.99,30.84,45.74,42.08,68.84,63.43
1,29.78,20.32,45.81,30.19,51.27,29.22,64.46,48.47
1,21.59,17.4,27.45,24.97,29.81,30.82,50.77,50.84
0,34.89,20.66,44.28,31.43,52.79,37.69,89.41,68.03
0,43.94,21.41,42.84,30.45,44.4,26.01,92.58,34.95
1,25.15,19.85,31.98,27.99,42.66,44.2,66.48,46.81
1,33.44,18.23,54.08,30.05,52.53,32.73,50.86,49.45
1,34.78,23.93,40.57,26.11,44.88,32.18,74.77,59.89
0,61.59,35.77,76.14,43.1,88.71,55.9,110.17,81.65
1,33.19,26.08,49.34,32.75,56.29,52.08,106.55,60.77
1,29.3,22.96,38.16,29.81,48.31,37.89,72.74,50.12
1,25.99,18.85,35.76,25.21,31.87,30.88,51.08,53.58
0,33.27,25.45,48.17,31.46,52.25,35.81,60.86,56.16
0,27.5,18.57,37.97,26.48,36.21,36.54,64.75,57.42
1,36.18,34.15,40.37,49,50.73,55.51,87.77,80.64
0,25.83,20.25,45.06,30.79,55.44,38.44,87.67,48.07
0,38.36,29.45,49.02,41.81,49.76,36.75,65.9,75.06
1,35.91,23.05,41.22,36.88,47.31,31.82,66.63,57.94
1,26.58,19.25,29.26,20.18,27.92,28.12,54.4,41.38
0,26.76,25.31,39.24,28.06,40.08,41.94,58.03,57.13
0,56.16,31.14,64.29,42.55,83.9,44.77,107.38,57.53
1,26.92,20.1,42.56,29.68,49.76,41.88,76.42,48.26
0,29.43,21.65,33.31,24.17,31.86,34.42,57,54.3
0,50.69,36.89,61.67,49.67,61.57,54.13,106.37,92.44
1,44.08,34.15,47.99,45.9,48.25,44.08,65.73,73.26
0,36,26.96,47.53,36.22,47.32,42.32,73.81,54.48
1,27.23,12.22,31.58,21.66,42.38,26.46,43.13,35.29
0,32.9,20.73,46.2,27.78,45.14,29.95,52.56,60.02
0,29.16,27.5,39.85,31.77,48.37,37.01,95.06,60.97
0,34.29,25.69,45.08,31,49.5,48.1,69.73,63.37
1,30.79,27.48,42.07,39.68,48.52,45.43,65.64,59.62
0,45.08,26.12,45.4,32.51,66.06,38.81,102.23,54.03
0,29.57,18.06,36.73,25.24,39.84,26.36,65.27,42.45
0,68.58,29.88,73.26,41.56,89.22,48.27,111.57,59.36
1,39.78,27.39,38.83,32.3,48.74,37.25,57.79,49.58
1,46.82,39.89,48.58,40.4,51.54,47.16,75.45,55.77
1,51.04,43.38,50.66,39.35,48.08,61.51,95.93,80.76
1,33.65,29.01,40.8,39.09,40.16,49.95,67.3,55.51
0,39.87,29.23,44.21,46.01,50.54,42.77,82.3,67.57
0,25.6,23.71,38.18,23.02,38.39,35.5,48.39,32.4
1,34.18,43.27,50.62,44.64,47.8,51.56,69.47,62.21
0,44.42,32.54,50.75,40.49,47.23,47.81,98.6,70.04
1,27.92,15.45,32.82,26.17,42.65,38.77,51.48,59.84
1,43.17,29.4,51.01,38.25,48.28,41.95,87.11,59.49
0,34.88,30.31,42.97,29.68,47.48,53.44,76.36,52.51
1,26.52,28.78,36.51,36.19,40.1,49.22,54.11,57.49
0,40.58,29.49,57.19,29.92,69.18,48.95,78.95,49.16
0,36.38,20.85,40.45,23.98,47.32,29.5,66.96,39.69
1,25.88,13.72,34.08,33.08,30.38,28.97,63.6,53.23
0,51.65,32.05,54.49,37.02,67.24,39.94,76.7,52.96
1,32.67,21.25,37.46,26.41,41.45,39.84,65.76,45.03
1,32.3,42.31,41.45,43.99,46.18,49.66,73.11,62.92
1,30.52,27.26,32.91,33.19,39.49,51.49,48.46,54.31
1,39.27,22.07,38.68,29.72,43.6,35.47,60.24,53.98
0,75.77,25.08,100.34,27.86,105.34,29.69,119.93,54.65
0,45.14,31.69,57.34,39.84,67.37,42.58,95.85,78.87
0,33.13,25.69,47.29,34.28,42.51,43.95,85.73,64.31
0,35.08,27.17,42.8,37.47,46.07,46.1,66.53,52.24
0,24.99,18.87,43.08,29.65,52.54,31.81,59.15,47.74
1,29.03,20.02,33.77,22.36,51.21,36.73,67.76,52.05
0,44.07,36.68,46.79,42.25,53.29,56.24,71.47,96.61
1,28.83,20.44,40.81,23.95,47.78,26.12,67.74,38.98
0,65.87,34.31,74.75,48.3,111.11,50.82,145.03,69.66
1,34.88,18.08,42.85,31.64,53.56,43.3,66.28,42.14
1,33.07,21.63,42.2,40.75,55.72,55.15,92.56,73.94
1,42.25,37.9,54.39,41.92,64.23,48.31,116.8,67.67
0,33.58,20.66,38.91,28.08,50.13,45.72,93.84,62.21
1,44.51,36.54,51.03,53.6,58.37,55.92,76.73,75.47
0,28.3,19.94,33.9,26.58,33.34,24.07,75.54,45.27
0,52.13,49.6,54.19,74.38,62.03,75.86,107.09,92.9
0,40.38,38.89,44.84,34.39,53.65,47.17,70.77,62.94
0,29.57,27.07,39.25,28.75,51.38,38.58,74.74,45.62
1,34.41,31.17,46.27,34.14,51.12,52.28,105.6,78.85
1,48.29,46.83,64.44,52.86,81.56,66.16,107,87.79
1,32.56,33.13,42.57,31.44,50.23,38.11,118.56,48.08
0,37.58,23.13,39.68,27.21,57.41,29.88,75.41,48.19
1,45.51,33.27,48.84,53.08,57.19,60.54,88.44,101.42
1,27.08,19.35,43.9,26.46,50.73,33.54,76.02,59.5
0,36.25,29.04,42.66,35.67,43.53,54.15,61,76.93
0,43.16,43.42,51.07,53.34,49.89,62.32,84.94,101.91
1,36.13,22.11,48.52,40.33,44.02,43.71,64.46,67.69
1,39.95,27.58,56.75,39.23,79.5,64.56,91.27,60.74
0,30.87,23.34,46.66,27.28,54.66,40.35,68.84,56.8
0,49.38,33.83,53.74,55.96,72.51,59.69,97.94,95.88
1,29.04,24.56,47.15,35.16,64.48,44.26,103.45,64.81
0,44.01,46.09,61.54,50.6,65.3,68.29,117.03,123.49
0,33.56,18.13,43.8,33.06,54.62,29.25,68.7,52.43
1,30.39,27.93,48.42,41.87,49.44,46.42,65.74,62.38
0,34.56,22.88,63.08,36.35,69.53,52.26,126.52,80.05
1,31.73,29.63,42.17,35.33,37.63,39.54,67.2,70.52
1,43.11,29.88,50.08,48.41,58.89,51.15,88.69,86.62
0,27.01,23.76,44.81,41.93,49.49,51.13,81.21,64.22
1,33.94,23.58,43.42,37.7,48.25,36.05,64.59,50.32
0,34.58,22.99,41.39,28.46,51.46,37.82,78.26,54.28
0,35.31,24.59,42.22,39.2,48.25,40.11,83.38,65.57
0,53.23,49.67,89.44,82.48,101,76.63,129.2,106.56
0,27.05,20.81,42.93,25.24,46.02,29.16,51.79,33.27
0,34.09,27.51,43.12,41.2,51.26,43.72,61.6,63.65
1,27.54,21.64,40.92,34.52,37.04,41.94,62.47,44.3
1,35.08,37.3,45.99,50.74,46.71,70.79,75.01,104.33
0,26.71,16.72,33.55,28.91,38.51,32.41,62.67,58.22
0,33.38,27.48,43.37,33.38,49.94,50.2,76.68,60.92
0,25.93,22.57,42.2,30.24,44.08,37.19,67,58.32
0,26.47,17.15,28.72,21.56,33.61,21.1,56.52,40.55
1,27.63,20.69,42.52,30.67,46.75,28.99,64.58,50.08
0,66.61,48.73,108.6,60.32,106.78,54.47,131.1,87
1,35.61,39.24,54.87,57.37,65.31,54.13,97.85,70.13
1,42.12,23.88,45.7,35.35,50.66,41.64,76.46,67.81
0,42.66,34.17,50.43,45.38,58.27,58.35,88.92,88.92
1,37.46,31.46,45.89,38.96,51.97,41.55,87.41,52.32
0,33.47,20.77,41.23,29.46,48.6,44.74,51.44,49.18
1,27.74,32.47,37.91,34.16,41.42,40.11,77.35,65.98
1,43.74,25.32,56.36,34.71,61.57,46.05,118.57,64.31
1,24.24,13.56,25.27,21.13,28.43,21.81,44.27,32.56
1,39.18,41.59,49.41,50.11,59.23,71.37,88.73,99.5
0,35.42,29.87,44.74,34.95,57.24,48.35,75.61,66.95
1,36.04,29.51,46.11,44.7,48.86,43.16,74.88,60.38
1,34.72,22.23,41.35,36.91,45.8,41.64,57,65.51
1,43.84,40.17,66.32,52.85,80.16,61.1,105.91,82.13
0,40.04,28.95,45.22,39.59,52.79,40.71,75.94,47.9
1,39.58,31.86,51.56,39.51,74.77,55.88,137.37,61.44
1,28.68,20.01,34.98,25.68,33.96,28.48,57.93,44.42
0,40.92,30.18,49.53,45.9,52.97,56.57,91.13,70.83